,SourceName
0,31_5-7 Eos/02.Drilling_and_Completion/CORING_2020-01-14_REPORT_1.PDF
1,31_5-7 Eos/03.Directional_Surveys/WELLPATH_COMPUTED_1.ASC
2,31_5-7 Eos/03.Directional_Surveys/WELLPATH_ORIGINAL_SURVEY_POINTS_1.ASC
3,31_5-7 Eos/05.LWD_Log_data/WLC_RAW_BHPR-GR-MECH_TIME_MWD_PLOT_1.PDF
4,31_5-7 Eos/05.LWD_Log_data/WLC_RAW_CAL-DEN-GR-NEU-REMP_MD_MWD_PLOT_1.PDF
5,31_5-7 Eos/05.LWD_Log_data/WLC_RAW_CAL-DEN-GR-NEU-REMP_MD_MWD_PLOT_2.PDF
6,31_5-7 Eos/05.LWD_Log_data/WLC_RAW_CAL-DEN-GR-NEU-REMP_MWD_1.DLIS
7,31_5-7 Eos/05.LWD_Log_data/WLC_RAW_CAL-DEN-GR-NEU-REMP_MWD_1_INF_1.ASC
8,31_5-7 Eos/05.LWD_Log_data/WLC_RAW_CAL-DEN-GR-NEU-REMP_TVD_MWD_PLOT_1.PDF
9,31_5-7 Eos/05.LWD_Log_data/WLC_RAW_GR-REMP-RLL_MD_MWD_PLOT_1.PDF
10,31_5-7 Eos/05.LWD_Log_data/WLC_RAW_GR-REMP-RLL_MD_MWD_PLOT_2.PDF
11,31_5-7 Eos/05.LWD_Log_data/WLC_RAW_GR-REMP-RLL_MWD_1.DLIS
12,31_5-7 Eos/05.LWD_Log_data/WLC_RAW_GR-REMP-RLL_MWD_1_INF_1.ASC
13,31_5-7 Eos/05.LWD_Log_data/WL_RAW_AAC_MD_MWD_PLOT_1.PDF
14,31_5-7 Eos/05.LWD_Log_data/WL_RAW_AAC_MWD_1.DLIS
15,31_5-7 Eos/05.LWD_Log_data/WL_RAW_AAC_MWD_1_INF_1.ASC
16,31_5-7 Eos/05.LWD_Log_data/WL_RAW_BHPR-GR-MECH_TIME_MWD_1-9_INF_1.ASC
17,31_5-7 Eos/05.LWD_Log_data/WL_RAW_BHPR-GR-MECH_TIME_MWD_1.LAS
18,31_5-7 Eos/05.LWD_Log_data/WL_RAW_BHPR-GR-MECH_TIME_MWD_2.LAS
19,31_5-7 Eos/05.LWD_Log_data/WL_RAW_BHPR-GR-MECH_TIME_MWD_3.LAS
20,31_5-7 Eos/05.LWD_Log_data/WL_RAW_BHPR-GR-MECH_TIME_MWD_4.LAS
21,31_5-7 Eos/05.LWD_Log_data/WL_RAW_BHPR-GR-MECH_TIME_MWD_5.LAS
22,31_5-7 Eos/05.LWD_Log_data/WL_RAW_BHPR-GR-MECH_TIME_MWD_6.LAS
23,31_5-7 Eos/05.LWD_Log_data/WL_RAW_BHPR-GR-MECH_TIME_MWD_7.LAS
24,31_5-7 Eos/05.LWD_Log_data/WL_RAW_BHPR-GR-MECH_TIME_MWD_8.LAS
25,31_5-7 Eos/05.LWD_Log_data/WL_RAW_BHPR-GR-MECH_TIME_MWD_9.LAS
26,31_5-7 Eos/05.LWD_Log_data/WL_RAW_BHPR-GR-MECH_TIME_MWD_PLOT_1.PDF
27,31_5-7 Eos/05.LWD_Log_data/WL_RAW_BHPR-GR-MECH_TIME_MWD_PLOT_2.PDF
28,31_5-7 Eos/05.LWD_Log_data/WL_RAW_BHPR-GR-MECH_TIME_MWD_PLOT_3.PDF
29,31_5-7 Eos/05.LWD_Log_data/WL_RAW_BHPR-GR-MECH_TIME_MWD_PLOT_4.PDF
30,31_5-7 Eos/05.LWD_Log_data/WL_RAW_BHPR-GR-MECH_TIME_MWD_PLOT_5.PDF
31,31_5-7 Eos/05.LWD_Log_data/WL_RAW_BHPR-GR-MECH_TIME_MWD_PLOT_6.PDF
32,31_5-7 Eos/05.LWD_Log_data/WL_RAW_BHPR-GR-MECH_TIME_MWD_PLOT_7.PDF
33,31_5-7 Eos/05.LWD_Log_data/WL_RAW_BHPR-GR-MECH_TIME_MWD_PLOT_8.PDF
34,31_5-7 Eos/05.LWD_Log_data/WL_RAW_BHPR-GR-MECH_TIME_MWD_PLOT_9.PDF
35,31_5-7 Eos/05.LWD_Log_data/WL_RAW_CAL-DEN-GR-NEU-REMP_MD_MWD_PLOT_1.PDF
36,31_5-7 Eos/05.LWD_Log_data/WL_RAW_CAL-DEN-GR-NEU-REMP_MD_MWD_PLOT_2.PDF
37,31_5-7 Eos/05.LWD_Log_data/WL_RAW_CAL-DEN-GR-NEU-REMP_MWD_1.DLIS
38,31_5-7 Eos/05.LWD_Log_data/WL_RAW_CAL-DEN-GR-NEU-REMP_MWD_1_INF_1.ASC
39,31_5-7 Eos/05.LWD_Log_data/WL_RAW_GR-MECH_TIME_MWD_1.LAS
40,31_5-7 Eos/05.LWD_Log_data/WL_RAW_GR-MECH_TIME_MWD_1_INF_1.ASC
41,31_5-7 Eos/05.LWD_Log_data/WL_RAW_GR-MECH_TIME_MWD_PLOT_1.PDF
42,31_5-7 Eos/05.LWD_Log_data/WL_RAW_GR-REMP-RLL_MD_MWD_PLOT_1.PDF
43,31_5-7 Eos/05.LWD_Log_data/WL_RAW_GR-REMP-RLL_MD_MWD_PLOT_2.PDF
44,31_5-7 Eos/05.LWD_Log_data/WL_RAW_GR-REMP-RLL_MD_MWD_PLOT_3.PDF
45,31_5-7 Eos/05.LWD_Log_data/WL_RAW_GR-REMP-RLL_MD_MWD_PLOT_4.PDF
46,31_5-7 Eos/05.LWD_Log_data/WL_RAW_GR-REMP-RLL_MD_MWD_PLOT_5.PDF
47,31_5-7 Eos/05.LWD_Log_data/WL_RAW_GR-REMP-RLL_MD_MWD_PLOT_6.PDF
48,31_5-7 Eos/05.LWD_Log_data/WL_RAW_GR-REMP-RLL_MD_MWD_PLOT_7.PDF
49,31_5-7 Eos/05.LWD_Log_data/WL_RAW_GR-REMP-RLL_MD_MWD_PLOT_8.PDF
50,31_5-7 Eos/05.LWD_Log_data/WL_RAW_GR-REMP-RLL_MWD_1-4_INF_1.ASC
51,31_5-7 Eos/05.LWD_Log_data/WL_RAW_GR-REMP-RLL_MWD_1.DLIS
52,31_5-7 Eos/05.LWD_Log_data/WL_RAW_GR-REMP-RLL_MWD_2.DLIS
53,31_5-7 Eos/05.LWD_Log_data/WL_RAW_GR-REMP-RLL_MWD_3.DLIS
54,31_5-7 Eos/05.LWD_Log_data/WL_RAW_GR-REMP-RLL_MWD_4.DLIS
55,31_5-7 Eos/05.LWD_Log_data/WL_RAW_GR-REMP_MD_MWD_PLOT_1.PDF
56,31_5-7 Eos/05.LWD_Log_data/WL_RAW_GR-REMP_MD_MWD_PLOT_2.PDF
57,31_5-7 Eos/05.LWD_Log_data/WL_RAW_GR-REMP_MD_MWD_PLOT_3.PDF
58,31_5-7 Eos/05.LWD_Log_data/WL_RAW_GR-REMP_MD_MWD_PLOT_4.PDF
59,31_5-7 Eos/05.LWD_Log_data/WL_RAW_GR-REMP_MD_MWD_PLOT_5.PDF
60,31_5-7 Eos/05.LWD_Log_data/WL_RAW_GR-REMP_MD_MWD_PLOT_6.PDF
61,31_5-7 Eos/05.LWD_Log_data/WL_RAW_GR-REMP_MD_MWD_PLOT_7.PDF
62,31_5-7 Eos/05.LWD_Log_data/WL_RAW_GR-REMP_MD_MWD_PLOT_8.PDF
63,31_5-7 Eos/05.LWD_Log_data/WL_RAW_GR-REMP_MWD_1-4_INF_1.ASC
64,31_5-7 Eos/05.LWD_Log_data/WL_RAW_GR-REMP_MWD_1.DLIS
65,31_5-7 Eos/05.LWD_Log_data/WL_RAW_GR-REMP_MWD_2.DLIS
66,31_5-7 Eos/05.LWD_Log_data/WL_RAW_GR-REMP_MWD_3.DLIS
67,31_5-7 Eos/05.LWD_Log_data/WL_RAW_GR-REMP_MWD_4.DLIS
68,31_5-7 Eos/06.Wireline_Log_Data/WL_RAW_AAC-AIMG-CAL-GR_RUN5_EWL_1-2_INF_1.ASC
69,31_5-7 Eos/06.Wireline_Log_Data/WL_RAW_AAC-AIMG-CAL-GR_RUN5_EWL_1.DLIS
70,31_5-7 Eos/06.Wireline_Log_Data/WL_RAW_AAC-AIMG-CAL-GR_RUN5_EWL_2.DLIS
71,31_5-7 Eos/06.Wireline_Log_Data/WL_RAW_AAC-ARLL-CAL-DEN-GR-NEU_RUN6_EWL_1-2_INF_1.ASC
72,31_5-7 Eos/06.Wireline_Log_Data/WL_RAW_AAC-ARLL-CAL-DEN-GR-NEU_RUN6_EWL_1.DLIS
73,31_5-7 Eos/06.Wireline_Log_Data/WL_RAW_AAC-ARLL-CAL-DEN-GR-NEU_RUN6_EWL_2.DLIS
74,31_5-7 Eos/06.Wireline_Log_Data/WL_RAW_AAC-GR_RUN5_EWL_1.DLIS
75,31_5-7 Eos/06.Wireline_Log_Data/WL_RAW_AAC-GR_RUN5_EWL_1_INF_1.ASC
76,31_5-7 Eos/06.Wireline_Log_Data/WL_RAW_AAC-GR_RUN5_MD_EWL_PLOT_1.PDF
77,31_5-7 Eos/06.Wireline_Log_Data/WL_RAW_AAC-GR_RUN5_MD_EWL_PLOT_2.PDF
78,31_5-7 Eos/06.Wireline_Log_Data/WL_RAW_AAC-GR_RUN6_MD_EWL_PLOT_1.PDF
79,31_5-7 Eos/06.Wireline_Log_Data/WL_RAW_AAC_RUN5_EWL_1.DLIS
80,31_5-7 Eos/06.Wireline_Log_Data/WL_RAW_AAC_RUN5_EWL_1_INF_1.ASC
81,31_5-7 Eos/06.Wireline_Log_Data/WL_RAW_AAC_RUN5_MD_EWL_PLOT_1.PDF
82,31_5-7 Eos/06.Wireline_Log_Data/WL_RAW_AIMG-CAL-GR_RUN5_EWL_1-2_INF_1.ASC
83,31_5-7 Eos/06.Wireline_Log_Data/WL_RAW_AIMG-CAL-GR_RUN5_EWL_1.DLIS
84,31_5-7 Eos/06.Wireline_Log_Data/WL_RAW_AIMG-CAL-GR_RUN5_EWL_2.DLIS
85,31_5-7 Eos/06.Wireline_Log_Data/WL_RAW_AIMG-CAL-GR_RUN5_MD_EWL_PLOT_1.PDF
86,31_5-7 Eos/06.Wireline_Log_Data/WL_RAW_AIMG-CAL-GR_RUN5_MD_EWL_PLOT_2.PDF
87,31_5-7 Eos/06.Wireline_Log_Data/WL_RAW_AIMG-CAL-GR_RUN6_EWL_1-5_INF_1.ASC
88,31_5-7 Eos/06.Wireline_Log_Data/WL_RAW_AIMG-CAL-GR_RUN6_EWL_1.DLIS
89,31_5-7 Eos/06.Wireline_Log_Data/WL_RAW_AIMG-CAL-GR_RUN6_EWL_2.DLIS
90,31_5-7 Eos/06.Wireline_Log_Data/WL_RAW_AIMG-CAL-GR_RUN6_EWL_3.DLIS
91,31_5-7 Eos/06.Wireline_Log_Data/WL_RAW_AIMG-CAL-GR_RUN6_EWL_4.DLIS
92,31_5-7 Eos/06.Wireline_Log_Data/WL_RAW_AIMG-CAL-GR_RUN6_EWL_5.DLIS
93,31_5-7 Eos/06.Wireline_Log_Data/WL_RAW_AIMG-CAL-GR_RUN6_MD_EWL_PLOT_1.PDF
94,31_5-7 Eos/06.Wireline_Log_Data/WL_RAW_AIMG-CAL-GR_RUN6_MD_EWL_PLOT_2.PDF
95,31_5-7 Eos/06.Wireline_Log_Data/WL_RAW_ARLL-CAL-DEN-GR-NEU_RUN4_EWL_1-2_INF_1.ASC
96,31_5-7 Eos/06.Wireline_Log_Data/WL_RAW_ARLL-CAL-DEN-GR-NEU_RUN4_EWL_1.DLIS
97,31_5-7 Eos/06.Wireline_Log_Data/WL_RAW_ARLL-CAL-DEN-GR-NEU_RUN4_EWL_2.DLIS
98,31_5-7 Eos/06.Wireline_Log_Data/WL_RAW_ARLL-CAL-DEN-GR-NEU_RUN4_MD_EWL_PLOT_1.PDF
99,31_5-7 Eos/06.Wireline_Log_Data/WL_RAW_ARLL-CAL-DEN-GR-NEU_RUN6_MD_EWL_PLOT_1.PDF
100,31_5-7 Eos/06.Wireline_Log_Data/WL_RAW_ARLL-CAL-GR_RUN4_MD_EWL_PLOT_1.PDF
101,31_5-7 Eos/06.Wireline_Log_Data/WL_RAW_ARLL-CAL-GR_RUN4_MD_EWL_PLOT_2.PDF
102,31_5-7 Eos/06.Wireline_Log_Data/WL_RAW_ARLL-CAL-GR_RUN6_MD_EWL_PLOT_1.PDF
103,31_5-7 Eos/06.Wireline_Log_Data/WL_RAW_ARLL-CAL-GR_RUN6_MD_EWL_PLOT_2.PDF
104,31_5-7 Eos/06.Wireline_Log_Data/WL_RAW_CAL-DEN-GR-NEU_RUN6_MD_EWL_PLOT_1.PDF
105,31_5-7 Eos/06.Wireline_Log_Data/WL_RAW_CAL-DEN-GR-NEU_RUN6_MD_EWL_PLOT_2.PDF
106,31_5-7 Eos/06.Wireline_Log_Data/WL_RAW_CAL-DEN-GR_RUN4_MD_EWL_PLOT_1.PDF
107,31_5-7 Eos/06.Wireline_Log_Data/WL_RAW_CAL-DEN-GR_RUN4_MD_EWL_PLOT_2.PDF
108,31_5-7 Eos/06.Wireline_Log_Data/WL_RAW_GR-NMR_RUN7_EWL_1-2_INF_1.ASC
109,31_5-7 Eos/06.Wireline_Log_Data/WL_RAW_GR-NMR_RUN7_EWL_1.DLIS
110,31_5-7 Eos/06.Wireline_Log_Data/WL_RAW_GR-NMR_RUN7_EWL_2.DLIS
111,31_5-7 Eos/06.Wireline_Log_Data/WL_RAW_GR-NMR_RUN7_MD_EWL_PLOT_1.PDF
112,31_5-7 Eos/07.Borehole_Seismic/TZV_DEPTH_MD_CHECKSHOT_2020-01-17_1.ASC
113,31_5-7 Eos/07.Borehole_Seismic/TZV_DEPTH_MD_CHECKSHOT_2020-01-17_1_INF_1.ASC
114,31_5-7 Eos/07.Borehole_Seismic/TZV_DEPTH_MD_COMPUTED_2020-01-17_1-2_INF_1.ASC
115,31_5-7 Eos/07.Borehole_Seismic/TZV_DEPTH_MD_COMPUTED_2020-01-17_1.LAS
116,31_5-7 Eos/07.Borehole_Seismic/TZV_DEPTH_MD_COMPUTED_2020-01-17_2.ASC
117,31_5-7 Eos/07.Borehole_Seismic/TZV_TIME_CHECKSHOT_2020-01-17_1.ASC
118,31_5-7 Eos/07.Borehole_Seismic/TZV_TIME_CHECKSHOT_2020-01-17_1_INF_1.ASC
119,31_5-7 Eos/07.Borehole_Seismic/TZV_TIME_SYNSEIS_2020-01-17_1-4_INF_1.ASC
120,31_5-7 Eos/07.Borehole_Seismic/TZV_TIME_SYNSEIS_2020-01-17_1.LAS
121,31_5-7 Eos/07.Borehole_Seismic/TZV_TIME_SYNSEIS_2020-01-17_2.LAS
122,31_5-7 Eos/07.Borehole_Seismic/TZV_TIME_SYNSEIS_2020-01-17_3.LAS
123,31_5-7 Eos/07.Borehole_Seismic/TZV_TIME_SYNSEIS_2020-01-17_4.LAS
124,31_5-7 Eos/07.Borehole_Seismic/VSPZO_COMPUTED_TIME_CS_2020-01-17_1-5_INF_1.ASC
125,31_5-7 Eos/07.Borehole_Seismic/VSPZO_COMPUTED_TIME_CS_2020-01-17_1.SEGY
126,31_5-7 Eos/07.Borehole_Seismic/VSPZO_COMPUTED_TIME_CS_2020-01-17_2.SEGY
127,31_5-7 Eos/07.Borehole_Seismic/VSPZO_COMPUTED_TIME_CS_2020-01-17_3.SEGY
128,31_5-7 Eos/07.Borehole_Seismic/VSPZO_COMPUTED_TIME_CS_2020-01-17_4.SEGY
129,31_5-7 Eos/07.Borehole_Seismic/VSPZO_COMPUTED_TIME_CS_2020-01-17_5.LAS
130,31_5-7 Eos/07.Borehole_Seismic/VSPZO_COMPUTED_TIME_GATHER_2020-01-17_1-23_INF_1.ASC
131,31_5-7 Eos/07.Borehole_Seismic/VSPZO_COMPUTED_TIME_GATHER_2020-01-17_1.SEGY
132,31_5-7 Eos/07.Borehole_Seismic/VSPZO_COMPUTED_TIME_GATHER_2020-01-17_10.SEGY
133,31_5-7 Eos/07.Borehole_Seismic/VSPZO_COMPUTED_TIME_GATHER_2020-01-17_11.SEGY
134,31_5-7 Eos/07.Borehole_Seismic/VSPZO_COMPUTED_TIME_GATHER_2020-01-17_12.SEGY
135,31_5-7 Eos/07.Borehole_Seismic/VSPZO_COMPUTED_TIME_GATHER_2020-01-17_13.SEGY
136,31_5-7 Eos/07.Borehole_Seismic/VSPZO_COMPUTED_TIME_GATHER_2020-01-17_14.SEGY
137,31_5-7 Eos/07.Borehole_Seismic/VSPZO_COMPUTED_TIME_GATHER_2020-01-17_15.SEGY
138,31_5-7 Eos/07.Borehole_Seismic/VSPZO_COMPUTED_TIME_GATHER_2020-01-17_16.SEGY
139,31_5-7 Eos/07.Borehole_Seismic/VSPZO_COMPUTED_TIME_GATHER_2020-01-17_17.SEGY
140,31_5-7 Eos/07.Borehole_Seismic/VSPZO_COMPUTED_TIME_GATHER_2020-01-17_18.SEGY
141,31_5-7 Eos/07.Borehole_Seismic/VSPZO_COMPUTED_TIME_GATHER_2020-01-17_19.SEGY
142,31_5-7 Eos/07.Borehole_Seismic/VSPZO_COMPUTED_TIME_GATHER_2020-01-17_2.SEGY
143,31_5-7 Eos/07.Borehole_Seismic/VSPZO_COMPUTED_TIME_GATHER_2020-01-17_20.SEGY
144,31_5-7 Eos/07.Borehole_Seismic/VSPZO_COMPUTED_TIME_GATHER_2020-01-17_21.SEGY
145,31_5-7 Eos/07.Borehole_Seismic/VSPZO_COMPUTED_TIME_GATHER_2020-01-17_22.SEGY
146,31_5-7 Eos/07.Borehole_Seismic/VSPZO_COMPUTED_TIME_GATHER_2020-01-17_23.SEGY
147,31_5-7 Eos/07.Borehole_Seismic/VSPZO_COMPUTED_TIME_GATHER_2020-01-17_3.SEGY
148,31_5-7 Eos/07.Borehole_Seismic/VSPZO_COMPUTED_TIME_GATHER_2020-01-17_4.SEGY
149,31_5-7 Eos/07.Borehole_Seismic/VSPZO_COMPUTED_TIME_GATHER_2020-01-17_5.SEGY
150,31_5-7 Eos/07.Borehole_Seismic/VSPZO_COMPUTED_TIME_GATHER_2020-01-17_6.SEGY
151,31_5-7 Eos/07.Borehole_Seismic/VSPZO_COMPUTED_TIME_GATHER_2020-01-17_7.SEGY
152,31_5-7 Eos/07.Borehole_Seismic/VSPZO_COMPUTED_TIME_GATHER_2020-01-17_8.SEGY
153,31_5-7 Eos/07.Borehole_Seismic/VSPZO_COMPUTED_TIME_GATHER_2020-01-17_9.SEGY
154,31_5-7 Eos/07.Borehole_Seismic/VSPZO_COMPUTED_TVD_2020-01-17_PLOT_1.TIF
155,31_5-7 Eos/07.Borehole_Seismic/VSPZO_RAW_2020-01-17_1-4_INF_1.ASC
156,31_5-7 Eos/07.Borehole_Seismic/VSPZO_RAW_2020-01-17_1.SEGY
157,31_5-7 Eos/07.Borehole_Seismic/VSPZO_RAW_2020-01-17_2.SEGY
158,31_5-7 Eos/07.Borehole_Seismic/VSPZO_RAW_2020-01-17_3.SEGY
159,31_5-7 Eos/07.Borehole_Seismic/VSPZO_RAW_2020-01-17_4.SEGY
160,31_5-7 Eos/07.Borehole_Seismic/VSP_ACQ_2020-01-17_REPORT_1.PDF
161,31_5-7 Eos/07.Borehole_Seismic/VSP_PROC_2020-01-17_REPORT_1.PDF
162,31_5-7 Eos/08.Formation_Pressure_Data/FM_PRESS_RAW_RUN5_EWL_1-23_INF_1.ASC
163,31_5-7 Eos/08.Formation_Pressure_Data/FM_PRESS_RAW_RUN5_EWL_1.DLIS
164,31_5-7 Eos/08.Formation_Pressure_Data/FM_PRESS_RAW_RUN5_EWL_10.DLIS
165,31_5-7 Eos/08.Formation_Pressure_Data/FM_PRESS_RAW_RUN5_EWL_11.DLIS
166,31_5-7 Eos/08.Formation_Pressure_Data/FM_PRESS_RAW_RUN5_EWL_12.DLIS
167,31_5-7 Eos/08.Formation_Pressure_Data/FM_PRESS_RAW_RUN5_EWL_13.DLIS
168,31_5-7 Eos/08.Formation_Pressure_Data/FM_PRESS_RAW_RUN5_EWL_14.DLIS
169,31_5-7 Eos/08.Formation_Pressure_Data/FM_PRESS_RAW_RUN5_EWL_15.DLIS
170,31_5-7 Eos/08.Formation_Pressure_Data/FM_PRESS_RAW_RUN5_EWL_16.DLIS
171,31_5-7 Eos/08.Formation_Pressure_Data/FM_PRESS_RAW_RUN5_EWL_17.DLIS
172,31_5-7 Eos/08.Formation_Pressure_Data/FM_PRESS_RAW_RUN5_EWL_18.DLIS
173,31_5-7 Eos/08.Formation_Pressure_Data/FM_PRESS_RAW_RUN5_EWL_19.DLIS
174,31_5-7 Eos/08.Formation_Pressure_Data/FM_PRESS_RAW_RUN5_EWL_2.DLIS
175,31_5-7 Eos/08.Formation_Pressure_Data/FM_PRESS_RAW_RUN5_EWL_20.DLIS
176,31_5-7 Eos/08.Formation_Pressure_Data/FM_PRESS_RAW_RUN5_EWL_21.DLIS
177,31_5-7 Eos/08.Formation_Pressure_Data/FM_PRESS_RAW_RUN5_EWL_22.DLIS
178,31_5-7 Eos/08.Formation_Pressure_Data/FM_PRESS_RAW_RUN5_EWL_23.DLIS
179,31_5-7 Eos/08.Formation_Pressure_Data/FM_PRESS_RAW_RUN5_EWL_3.DLIS
180,31_5-7 Eos/08.Formation_Pressure_Data/FM_PRESS_RAW_RUN5_EWL_4.DLIS
181,31_5-7 Eos/08.Formation_Pressure_Data/FM_PRESS_RAW_RUN5_EWL_5.DLIS
182,31_5-7 Eos/08.Formation_Pressure_Data/FM_PRESS_RAW_RUN5_EWL_6.DLIS
183,31_5-7 Eos/08.Formation_Pressure_Data/FM_PRESS_RAW_RUN5_EWL_7.DLIS
184,31_5-7 Eos/08.Formation_Pressure_Data/FM_PRESS_RAW_RUN5_EWL_8.DLIS
185,31_5-7 Eos/08.Formation_Pressure_Data/FM_PRESS_RAW_RUN5_EWL_9.DLIS
186,31_5-7 Eos/08.Formation_Pressure_Data/FM_PRESS_RAW_RUN5_EWL_PLOT_1.PDF
187,31_5-7 Eos/08.Formation_Pressure_Data/FM_PRESS_RAW_RUN7_EWL_1-25_INF_1.ASC
188,31_5-7 Eos/08.Formation_Pressure_Data/FM_PRESS_RAW_RUN7_EWL_1.DLIS
189,31_5-7 Eos/08.Formation_Pressure_Data/FM_PRESS_RAW_RUN7_EWL_10.DLIS
190,31_5-7 Eos/08.Formation_Pressure_Data/FM_PRESS_RAW_RUN7_EWL_11.DLIS
191,31_5-7 Eos/08.Formation_Pressure_Data/FM_PRESS_RAW_RUN7_EWL_12.DLIS
192,31_5-7 Eos/08.Formation_Pressure_Data/FM_PRESS_RAW_RUN7_EWL_13.DLIS
193,31_5-7 Eos/08.Formation_Pressure_Data/FM_PRESS_RAW_RUN7_EWL_14.DLIS
194,31_5-7 Eos/08.Formation_Pressure_Data/FM_PRESS_RAW_RUN7_EWL_15.DLIS
195,31_5-7 Eos/08.Formation_Pressure_Data/FM_PRESS_RAW_RUN7_EWL_16.DLIS
196,31_5-7 Eos/08.Formation_Pressure_Data/FM_PRESS_RAW_RUN7_EWL_17.DLIS
197,31_5-7 Eos/08.Formation_Pressure_Data/FM_PRESS_RAW_RUN7_EWL_18.DLIS
198,31_5-7 Eos/08.Formation_Pressure_Data/FM_PRESS_RAW_RUN7_EWL_19.DLIS
199,31_5-7 Eos/08.Formation_Pressure_Data/FM_PRESS_RAW_RUN7_EWL_2.DLIS
200,31_5-7 Eos/08.Formation_Pressure_Data/FM_PRESS_RAW_RUN7_EWL_20.DLIS
201,31_5-7 Eos/08.Formation_Pressure_Data/FM_PRESS_RAW_RUN7_EWL_21.DLIS
202,31_5-7 Eos/08.Formation_Pressure_Data/FM_PRESS_RAW_RUN7_EWL_22.DLIS
203,31_5-7 Eos/08.Formation_Pressure_Data/FM_PRESS_RAW_RUN7_EWL_23.DLIS
204,31_5-7 Eos/08.Formation_Pressure_Data/FM_PRESS_RAW_RUN7_EWL_24.DLIS
205,31_5-7 Eos/08.Formation_Pressure_Data/FM_PRESS_RAW_RUN7_EWL_25.DLIS
206,31_5-7 Eos/08.Formation_Pressure_Data/FM_PRESS_RAW_RUN7_EWL_3.DLIS
207,31_5-7 Eos/08.Formation_Pressure_Data/FM_PRESS_RAW_RUN7_EWL_4.DLIS
208,31_5-7 Eos/08.Formation_Pressure_Data/FM_PRESS_RAW_RUN7_EWL_5.DLIS
209,31_5-7 Eos/08.Formation_Pressure_Data/FM_PRESS_RAW_RUN7_EWL_6.DLIS
210,31_5-7 Eos/08.Formation_Pressure_Data/FM_PRESS_RAW_RUN7_EWL_7.DLIS
211,31_5-7 Eos/08.Formation_Pressure_Data/FM_PRESS_RAW_RUN7_EWL_8.DLIS
212,31_5-7 Eos/08.Formation_Pressure_Data/FM_PRESS_RAW_RUN7_EWL_9.DLIS
213,31_5-7 Eos/08.Formation_Pressure_Data/FM_PRESS_SAMP_RAW_RUN7_EWL_1-13_INF_1.ASC
214,31_5-7 Eos/08.Formation_Pressure_Data/FM_PRESS_SAMP_RAW_RUN7_EWL_1.DLIS
215,31_5-7 Eos/08.Formation_Pressure_Data/FM_PRESS_SAMP_RAW_RUN7_EWL_10.DLIS
216,31_5-7 Eos/08.Formation_Pressure_Data/FM_PRESS_SAMP_RAW_RUN7_EWL_11.DLIS
217,31_5-7 Eos/08.Formation_Pressure_Data/FM_PRESS_SAMP_RAW_RUN7_EWL_12.DLIS
218,31_5-7 Eos/08.Formation_Pressure_Data/FM_PRESS_SAMP_RAW_RUN7_EWL_13.DLIS
219,31_5-7 Eos/08.Formation_Pressure_Data/FM_PRESS_SAMP_RAW_RUN7_EWL_2.DLIS
220,31_5-7 Eos/08.Formation_Pressure_Data/FM_PRESS_SAMP_RAW_RUN7_EWL_3.DLIS
221,31_5-7 Eos/08.Formation_Pressure_Data/FM_PRESS_SAMP_RAW_RUN7_EWL_4.DLIS
222,31_5-7 Eos/08.Formation_Pressure_Data/FM_PRESS_SAMP_RAW_RUN7_EWL_5.DLIS
223,31_5-7 Eos/08.Formation_Pressure_Data/FM_PRESS_SAMP_RAW_RUN7_EWL_6.DLIS
224,31_5-7 Eos/08.Formation_Pressure_Data/FM_PRESS_SAMP_RAW_RUN7_EWL_7.DLIS
225,31_5-7 Eos/08.Formation_Pressure_Data/FM_PRESS_SAMP_RAW_RUN7_EWL_8.DLIS
226,31_5-7 Eos/08.Formation_Pressure_Data/FM_PRESS_SAMP_RAW_RUN7_EWL_9.DLIS
227,31_5-7 Eos/08.Formation_Pressure_Data/FM_PRESS_SAMP_RAW_RUN7_EWL_PLOT_1.PDF
228,31_5-7 Eos/09.Well_Test_Data/PRESS_TEST1_GAUGE0002_1.ASC
229,31_5-7 Eos/09.Well_Test_Data/PRESS_TEST1_GAUGE0006_1.ASC
230,31_5-7 Eos/09.Well_Test_Data/PRESS_TEST1_GAUGE0011_1.ASC
231,31_5-7 Eos/09.Well_Test_Data/PRESS_TEST1_GAUGE0011_2.ASC
232,31_5-7 Eos/09.Well_Test_Data/PRESS_TEST1_GAUGE0013_1.ASC
233,31_5-7 Eos/09.Well_Test_Data/PRESS_TEST1_GAUGE0015_1.ASC
234,31_5-7 Eos/09.Well_Test_Data/PRESS_TEST1_GAUGE0015_2.ASC
235,31_5-7 Eos/09.Well_Test_Data/PRESS_TEST1_GAUGE0016_1.ASC
236,31_5-7 Eos/09.Well_Test_Data/PRESS_TEST1_GAUGE0016_2.ASC
237,31_5-7 Eos/09.Well_Test_Data/PRESS_TEST1_GAUGE0027_1.ASC
238,31_5-7 Eos/09.Well_Test_Data/PRESS_TEST1_GAUGE0027_2.ASC
239,31_5-7 Eos/09.Well_Test_Data/PRESS_TEST1_GAUGE0033_1.ASC
240,31_5-7 Eos/09.Well_Test_Data/PRESS_TEST1_GAUGE0036_1.ASC
241,31_5-7 Eos/09.Well_Test_Data/PRESS_TEST1_GAUGE0036_2.ASC
242,31_5-7 Eos/09.Well_Test_Data/PRESS_TEST1_GAUGE0046_1.ASC
243,31_5-7 Eos/09.Well_Test_Data/PRESS_TEST1_GAUGE0057_1.ASC
244,31_5-7 Eos/09.Well_Test_Data/PRESS_TEST1_GAUGE0069_1.ASC
245,31_5-7 Eos/09.Well_Test_Data/PRESS_TEST1_GAUGE0073_1.ASC
246,31_5-7 Eos/09.Well_Test_Data/PRESS_TEST1_GAUGE0080_1.ASC
247,31_5-7 Eos/09.Well_Test_Data/PRESS_TEST1_GAUGE185561_1.ASC
248,31_5-7 Eos/09.Well_Test_Data/PRESS_TEST1_GAUGE185561_2.ASC
249,31_5-7 Eos/09.Well_Test_Data/PRESS_TEST1_GAUGE185574_1.ASC
250,31_5-7 Eos/09.Well_Test_Data/PRESS_TEST1_GAUGE185574_2.ASC
251,31_5-7 Eos/09.Well_Test_Data/PRESS_TEST1_GAUGE188493_1.ASC
252,31_5-7 Eos/09.Well_Test_Data/PRESS_TEST1_GAUGE188493_2.ASC
253,31_5-7 Eos/09.Well_Test_Data/PRESS_TEST1_GAUGE188493_3.ASC
254,31_5-7 Eos/09.Well_Test_Data/PRESS_TEST1_GAUGE188493_4.ASC
255,31_5-7 Eos/09.Well_Test_Data/PRESS_TEST1_GAUGE189392_1.ASC
256,31_5-7 Eos/09.Well_Test_Data/PRESS_TEST1_GAUGE189392_2.ASC
257,31_5-7 Eos/09.Well_Test_Data/PRESS_TEST1_GAUGE189395_1.ASC
258,31_5-7 Eos/09.Well_Test_Data/PRESS_TEST1_GAUGE189395_2.ASC
259,31_5-7 Eos/09.Well_Test_Data/PRESS_TEST1_GAUGE189395_3.ASC
260,31_5-7 Eos/09.Well_Test_Data/PRESS_TEST1_GAUGE189395_4.ASC
261,31_5-7 Eos/09.Well_Test_Data/PRESS_TEST1_GAUGE189396_1.ASC
262,31_5-7 Eos/09.Well_Test_Data/PRESS_TEST1_GAUGE189396_2.ASC
263,31_5-7 Eos/09.Well_Test_Data/PRESS_TEST1_GAUGE3286_1.ASC
264,31_5-7 Eos/09.Well_Test_Data/PRESS_TEST1_GAUGE3286_2.ASC
265,31_5-7 Eos/09.Well_Test_Data/PRESS_TEST1_GAUGE3287_1.ASC
266,31_5-7 Eos/09.Well_Test_Data/PRESS_TEST1_GAUGE3287_2.ASC
267,31_5-7 Eos/09.Well_Test_Data/PRESS_TEST1_GAUGE41102_1.ASC
268,31_5-7 Eos/09.Well_Test_Data/PRESS_TEST1_GAUGE41104_1.ASC
269,31_5-7 Eos/09.Well_Test_Data/PRESS_TEST1_GAUGE41133_1.ASC
270,31_5-7 Eos/09.Well_Test_Data/PRESS_TEST1_INF_1.ASC
271,31_5-7 Eos/09.Well_Test_Data/WELL_TEST1_2020-02-20_REPORT_1.PDF
272,31_5-7 Eos/09.Well_Test_Data/WELL_TEST1_2020-03-13_REPORT_1.PDF
273,31_5-7 Eos/09.Well_Test_Data/WELL_TEST1_2020-06-21_REPORT_1.PDF
274,31_5-7 Eos/10.Fluid_Data/FLUID_ANALYSIS_2020-04-27_REPORT_1.PDF
275,31_5-7 Eos/11.Core_Data/CORE_CONV_2020-05-25_REPORT_1.PDF
276,31_5-7 Eos/11.Core_Data/CORE_CONV_RAW_1.SPWLA
277,31_5-7 Eos/11.Core_Data/CORE_CONV_RAW_1_INF_1.ASC
278,31_5-7 Eos/11.Core_Data/Core_Photos/CORE_PHOTO_CT_M_INF_1.ASC
279,31_5-7 Eos/11.Core_Data/Core_Photos/CORE_PHOTO_CT_M_TOP259200_1.TIF
280,31_5-7 Eos/11.Core_Data/Core_Photos/CORE_PHOTO_CT_M_TOP259200_2.TIF
281,31_5-7 Eos/11.Core_Data/Core_Photos/CORE_PHOTO_CT_M_TOP259300_1.TIF
282,31_5-7 Eos/11.Core_Data/Core_Photos/CORE_PHOTO_CT_M_TOP259400_1.TIF
283,31_5-7 Eos/11.Core_Data/Core_Photos/CORE_PHOTO_CT_M_TOP259450_1.TIF
284,31_5-7 Eos/11.Core_Data/Core_Photos/CORE_PHOTO_CT_M_TOP264300_1.TIF
285,31_5-7 Eos/11.Core_Data/Core_Photos/CORE_PHOTO_CT_M_TOP264300_2.TIF
286,31_5-7 Eos/11.Core_Data/Core_Photos/CORE_PHOTO_CT_M_TOP264400_1.TIF
287,31_5-7 Eos/11.Core_Data/Core_Photos/CORE_PHOTO_CT_M_TOP264500_1.TIF
288,31_5-7 Eos/11.Core_Data/Core_Photos/CORE_PHOTO_CT_M_TOP264600_1.TIF
289,31_5-7 Eos/11.Core_Data/Core_Photos/CORE_PHOTO_CT_M_TOP264700_1.TIF
290,31_5-7 Eos/11.Core_Data/Core_Photos/CORE_PHOTO_CT_M_TOP264800_1.TIF
291,31_5-7 Eos/11.Core_Data/Core_Photos/CORE_PHOTO_CT_M_TOP264900_1.TIF
292,31_5-7 Eos/11.Core_Data/Core_Photos/CORE_PHOTO_CT_M_TOP270900_1.TIF
293,31_5-7 Eos/11.Core_Data/Core_Photos/CORE_PHOTO_CT_M_TOP270900_2.TIF
294,31_5-7 Eos/11.Core_Data/Core_Photos/CORE_PHOTO_CT_M_TOP271000_1.TIF
295,31_5-7 Eos/11.Core_Data/Core_Photos/CORE_PHOTO_CT_M_TOP271100_1.TIF
296,31_5-7 Eos/11.Core_Data/Core_Photos/CORE_PHOTO_CT_M_TOP271200_1.TIF
297,31_5-7 Eos/11.Core_Data/Core_Photos/CORE_PHOTO_CT_M_TOP271300_1.TIF
298,31_5-7 Eos/11.Core_Data/Core_Photos/CORE_PHOTO_CT_M_TOP271400_1.TIF
299,31_5-7 Eos/11.Core_Data/Core_Photos/CORE_PHOTO_CT_M_TOP271500_1.TIF
300,31_5-7 Eos/11.Core_Data/Core_Photos/CORE_PHOTO_CT_M_TOP271600_1.TIF
301,31_5-7 Eos/11.Core_Data/Core_Photos/CORE_PHOTO_CT_M_TOP271700_1.TIF
302,31_5-7 Eos/11.Core_Data/Core_Photos/CORE_PHOTO_CT_M_TOP271800_1.TIF
303,31_5-7 Eos/11.Core_Data/Core_Photos/CORE_PHOTO_CT_M_TOP271900_1.TIF
304,31_5-7 Eos/11.Core_Data/Core_Photos/CORE_PHOTO_CT_M_TOP272000_1.TIF
305,31_5-7 Eos/11.Core_Data/Core_Photos/CORE_PHOTO_CT_M_TOP272100_1.TIF
306,31_5-7 Eos/11.Core_Data/Core_Photos/CORE_PHOTO_CT_M_TOP272200_1.TIF
307,31_5-7 Eos/11.Core_Data/Core_Photos/CORE_PHOTO_CT_M_TOP272300_1.TIF
308,31_5-7 Eos/11.Core_Data/Core_Photos/CORE_PHOTO_CT_M_TOP272400_1.TIF
309,31_5-7 Eos/11.Core_Data/Core_Photos/CORE_PHOTO_CT_M_TOP272500_1.TIF
310,31_5-7 Eos/11.Core_Data/Core_Photos/CORE_PHOTO_CT_M_TOP272600_1.TIF
311,31_5-7 Eos/11.Core_Data/Core_Photos/CORE_PHOTO_CT_M_TOP272700_1.TIF
312,31_5-7 Eos/11.Core_Data/Core_Photos/CORE_PHOTO_CT_M_TOP272800_1.TIF
313,31_5-7 Eos/11.Core_Data/Core_Photos/CORE_PHOTO_CT_M_TOP272900_1.TIF
314,31_5-7 Eos/11.Core_Data/Core_Photos/CORE_PHOTO_CT_M_TOP273000_1.TIF
315,31_5-7 Eos/11.Core_Data/Core_Photos/CORE_PHOTO_CT_M_TOP273100_1.TIF
316,31_5-7 Eos/11.Core_Data/Core_Photos/CORE_PHOTO_CT_M_TOP273200_1.TIF
317,31_5-7 Eos/11.Core_Data/Core_Photos/CORE_PHOTO_CT_M_TOP273300_1.TIF
318,31_5-7 Eos/11.Core_Data/Core_Photos/CORE_PHOTO_CT_M_TOP273400_1.TIF
319,31_5-7 Eos/11.Core_Data/Core_Photos/CORE_PHOTO_CT_M_TOP273500_1.TIF
320,31_5-7 Eos/11.Core_Data/Core_Photos/CORE_PHOTO_CT_M_TOP273600_1.TIF
321,31_5-7 Eos/11.Core_Data/Core_Photos/CORE_PHOTO_CT_M_TOP273700_1.TIF
322,31_5-7 Eos/11.Core_Data/Core_Photos/CORE_PHOTO_CT_M_TOP273800_1.TIF
323,31_5-7 Eos/11.Core_Data/Core_Photos/CORE_PHOTO_CT_M_TOP273900_1.TIF
324,31_5-7 Eos/11.Core_Data/Core_Photos/CORE_PHOTO_CT_M_TOP274000_1.TIF
325,31_5-7 Eos/11.Core_Data/Core_Photos/CORE_PHOTO_CT_M_TOP274100_1.TIF
326,31_5-7 Eos/11.Core_Data/Core_Photos/CORE_PHOTO_CT_M_TOP274200_1.TIF
327,31_5-7 Eos/11.Core_Data/Core_Photos/CORE_PHOTO_CT_M_TOP274300_1.TIF
328,31_5-7 Eos/11.Core_Data/Core_Photos/CORE_PHOTO_CT_M_TOP274370_1.TIF
329,31_5-7 Eos/11.Core_Data/Core_Photos/CORE_PHOTO_CT_M_TOP274700_1.TIF
330,31_5-7 Eos/11.Core_Data/Core_Photos/CORE_PHOTO_CT_M_TOP274700_2.TIF
331,31_5-7 Eos/11.Core_Data/Core_Photos/CORE_PHOTO_CT_M_TOP274800_1.TIF
332,31_5-7 Eos/11.Core_Data/Core_Photos/CORE_PHOTO_CT_M_TOP274900_1.TIF
333,31_5-7 Eos/11.Core_Data/Core_Photos/CORE_PHOTO_CT_M_TOP275000_1.TIF
334,31_5-7 Eos/11.Core_Data/Core_Photos/CORE_PHOTO_CT_M_TOP275100_1.TIF
335,31_5-7 Eos/11.Core_Data/Core_Photos/CORE_PHOTO_CT_M_TOP275200_1.TIF
336,31_5-7 Eos/11.Core_Data/Core_Photos/CORE_PHOTO_CT_M_TOP275300_1.TIF
337,31_5-7 Eos/11.Core_Data/Core_Photos/CORE_PHOTO_CT_M_TOP275400_1.TIF
338,31_5-7 Eos/11.Core_Data/Core_Photos/CORE_PHOTO_CT_M_TOP275500_1.TIF
339,31_5-7 Eos/11.Core_Data/Core_Photos/CORE_PHOTO_CT_M_TOP275600_1.TIF
340,31_5-7 Eos/11.Core_Data/Core_Photos/CORE_PHOTO_CT_M_TOP275700_1.TIF
341,31_5-7 Eos/11.Core_Data/Core_Photos/CORE_PHOTO_CT_M_TOP275800_1.TIF
342,31_5-7 Eos/11.Core_Data/Core_Photos/CORE_PHOTO_CT_M_TOP275900_1.TIF
343,31_5-7 Eos/11.Core_Data/Core_Photos/CORE_PHOTO_CT_M_TOP276000_1.TIF
344,31_5-7 Eos/11.Core_Data/Core_Photos/CORE_PHOTO_CT_M_TOP276100_1.TIF
345,31_5-7 Eos/11.Core_Data/Core_Photos/CORE_PHOTO_CT_M_TOP276200_1.TIF
346,31_5-7 Eos/11.Core_Data/Core_Photos/CORE_PHOTO_CT_M_TOP276300_1.TIF
347,31_5-7 Eos/11.Core_Data/Core_Photos/CORE_PHOTO_CT_M_TOP276400_1.TIF
348,31_5-7 Eos/11.Core_Data/Core_Photos/CORE_PHOTO_CT_M_TOP276500_1.TIF
349,31_5-7 Eos/11.Core_Data/Core_Photos/CORE_PHOTO_CT_M_TOP276600_1.TIF
350,31_5-7 Eos/11.Core_Data/Core_Photos/CORE_PHOTO_CT_M_TOP276700_1.TIF
351,31_5-7 Eos/11.Core_Data/Core_Photos/CORE_PHOTO_CT_M_TOP276800_1.TIF
352,31_5-7 Eos/11.Core_Data/Core_Photos/CORE_PHOTO_CT_M_TOP276900_1.TIF
353,31_5-7 Eos/11.Core_Data/Core_Photos/CORE_PHOTO_CT_M_TOP277000_1.TIF
354,31_5-7 Eos/11.Core_Data/Core_Photos/CORE_PHOTO_CT_M_TOP277100_1.TIF
355,31_5-7 Eos/11.Core_Data/Core_Photos/CORE_PHOTO_CT_M_TOP277200_1.TIF
356,31_5-7 Eos/11.Core_Data/Core_Photos/CORE_PHOTO_CT_M_TOP277300_1.TIF
357,31_5-7 Eos/11.Core_Data/Core_Photos/CORE_PHOTO_CT_M_TOP277400_1.TIF
358,31_5-7 Eos/11.Core_Data/Core_Photos/CORE_PHOTO_CT_M_TOP277500_1.TIF
359,31_5-7 Eos/11.Core_Data/Core_Photos/CORE_PHOTO_CT_M_TOP277600_1.TIF
360,31_5-7 Eos/11.Core_Data/Core_Photos/CORE_PHOTO_CT_M_TOP277700_1.TIF
361,31_5-7 Eos/11.Core_Data/Core_Photos/CORE_PHOTO_CT_M_TOP277800_1.TIF
362,31_5-7 Eos/11.Core_Data/Core_Photos/CORE_PHOTO_CT_M_TOP277900_1.TIF
363,31_5-7 Eos/11.Core_Data/Core_Photos/CORE_PHOTO_CT_M_TOP278000_1.TIF
364,31_5-7 Eos/11.Core_Data/Core_Photos/CORE_PHOTO_CT_PLUG_M_INF_1.ASC
365,31_5-7 Eos/11.Core_Data/Core_Photos/CORE_PHOTO_CT_PLUG_M_TOP259311_1.TIF
366,31_5-7 Eos/11.Core_Data/Core_Photos/CORE_PHOTO_CT_PLUG_M_TOP259394_1.TIF
367,31_5-7 Eos/11.Core_Data/Core_Photos/CORE_PHOTO_CT_PLUG_M_TOP259409_1.TIF
368,31_5-7 Eos/11.Core_Data/Core_Photos/CORE_PHOTO_CT_PLUG_M_TOP259430_1.TIF
369,31_5-7 Eos/11.Core_Data/Core_Photos/CORE_PHOTO_CT_PLUG_M_TOP259482_1.TIF
370,31_5-7 Eos/11.Core_Data/Core_Photos/CORE_PHOTO_CT_PLUG_M_TOP264754_1.TIF
371,31_5-7 Eos/11.Core_Data/Core_Photos/CORE_PHOTO_CT_PLUG_M_TOP264962_1.TIF
372,31_5-7 Eos/11.Core_Data/Core_Photos/CORE_PHOTO_CT_PLUG_M_TOP265011_1.TIF
373,31_5-7 Eos/11.Core_Data/Core_Photos/CORE_PHOTO_CT_PLUG_M_TOP265330_1.TIF
374,31_5-7 Eos/11.Core_Data/Core_Photos/CORE_PHOTO_CT_PLUG_M_TOP266487_1.TIF
375,31_5-7 Eos/11.Core_Data/Core_Photos/CORE_PHOTO_CT_PLUG_M_TOP266721_1.TIF
376,31_5-7 Eos/11.Core_Data/Core_Photos/CORE_PHOTO_CT_PLUG_M_TOP267230_1.TIF
377,31_5-7 Eos/11.Core_Data/Core_Photos/CORE_PHOTO_CT_PLUG_M_TOP267558_1.TIF
378,31_5-7 Eos/11.Core_Data/Core_Photos/CORE_PHOTO_CT_PLUG_M_TOP267945_1.TIF
379,31_5-7 Eos/11.Core_Data/Core_Photos/CORE_PHOTO_CT_PLUG_M_TOP268772_1.TIF
380,31_5-7 Eos/11.Core_Data/Core_Photos/CORE_PHOTO_CT_PLUG_M_TOP268980_1.TIF
381,31_5-7 Eos/11.Core_Data/Core_Photos/CORE_PHOTO_CT_PLUG_M_TOP271170_1.TIF
382,31_5-7 Eos/11.Core_Data/Core_Photos/CORE_PHOTO_CT_PLUG_M_TOP272635_1.TIF
383,31_5-7 Eos/11.Core_Data/Core_Photos/CORE_PHOTO_CT_PLUG_M_TOP273825_1.TIF
384,31_5-7 Eos/11.Core_Data/Core_Photos/CORE_PHOTO_CT_PLUG_M_TOP274183_1.TIF
385,31_5-7 Eos/11.Core_Data/Core_Photos/CORE_PHOTO_CT_PLUG_M_TOP275485_1.TIF
386,31_5-7 Eos/11.Core_Data/Core_Photos/CORE_PHOTO_CT_PLUG_M_TOP275732_1.TIF
387,31_5-7 Eos/11.Core_Data/Core_Photos/CORE_PHOTO_CT_PLUG_M_TOP276170_1.TIF
388,31_5-7 Eos/11.Core_Data/Core_Photos/CORE_PHOTO_CT_PLUG_M_TOP276640_1.TIF
389,31_5-7 Eos/11.Core_Data/Core_Photos/CORE_PHOTO_CT_PLUG_M_TOP277170_1.TIF
390,31_5-7 Eos/11.Core_Data/Core_Photos/CORE_PHOTO_CT_PLUG_M_TOP277980_1.TIF
391,31_5-7 Eos/11.Core_Data/Core_Photos/CORE_PHOTO_CV_M_INF_1.ASC
392,31_5-7 Eos/11.Core_Data/Core_Photos/CORE_PHOTO_CV_M_TOP264300_1_001W1.TIF
393,31_5-7 Eos/11.Core_Data/Core_Photos/CORE_PHOTO_CV_M_TOP264300_1_001W2.TIF
394,31_5-7 Eos/11.Core_Data/Core_Photos/CORE_PHOTO_CV_M_TOP264300_1_001W3.TIF
395,31_5-7 Eos/11.Core_Data/Core_Photos/CORE_PHOTO_CV_M_TOP264400_1_002W1.TIF
396,31_5-7 Eos/11.Core_Data/Core_Photos/CORE_PHOTO_CV_M_TOP264400_1_002W2.TIF
397,31_5-7 Eos/11.Core_Data/Core_Photos/CORE_PHOTO_CV_M_TOP264400_1_002W3.TIF
398,31_5-7 Eos/11.Core_Data/Core_Photos/CORE_PHOTO_CV_M_TOP264500_1_003W1.TIF
399,31_5-7 Eos/11.Core_Data/Core_Photos/CORE_PHOTO_CV_M_TOP264500_1_003W2.TIF
400,31_5-7 Eos/11.Core_Data/Core_Photos/CORE_PHOTO_CV_M_TOP264500_1_003W3.TIF
401,31_5-7 Eos/11.Core_Data/Core_Photos/CORE_PHOTO_CV_M_TOP264600_1_004W1.TIF
402,31_5-7 Eos/11.Core_Data/Core_Photos/CORE_PHOTO_CV_M_TOP264600_1_004W2.TIF
403,31_5-7 Eos/11.Core_Data/Core_Photos/CORE_PHOTO_CV_M_TOP264600_1_004W3.TIF
404,31_5-7 Eos/11.Core_Data/Core_Photos/CORE_PHOTO_CV_M_TOP264700_1_005W1.TIF
405,31_5-7 Eos/11.Core_Data/Core_Photos/CORE_PHOTO_CV_M_TOP264700_1_005W2.TIF
406,31_5-7 Eos/11.Core_Data/Core_Photos/CORE_PHOTO_CV_M_TOP264700_1_005W3.TIF
407,31_5-7 Eos/11.Core_Data/Core_Photos/CORE_PHOTO_CV_M_TOP264800_1_006W1.TIF
408,31_5-7 Eos/11.Core_Data/Core_Photos/CORE_PHOTO_CV_M_TOP264800_1_006W2.TIF
409,31_5-7 Eos/11.Core_Data/Core_Photos/CORE_PHOTO_CV_M_TOP264800_1_006W3.TIF
410,31_5-7 Eos/11.Core_Data/Core_Photos/CORE_PHOTO_CV_M_TOP264900_1_007W1.TIF
411,31_5-7 Eos/11.Core_Data/Core_Photos/CORE_PHOTO_CV_M_TOP264900_1_007W2.TIF
412,31_5-7 Eos/11.Core_Data/Core_Photos/CORE_PHOTO_CV_M_TOP264900_1_007W3.TIF
413,31_5-7 Eos/11.Core_Data/Core_Photos/CORE_PHOTO_CV_M_TOP265000_1_008W1.TIF
414,31_5-7 Eos/11.Core_Data/Core_Photos/CORE_PHOTO_CV_M_TOP265000_1_008W2.TIF
415,31_5-7 Eos/11.Core_Data/Core_Photos/CORE_PHOTO_CV_M_TOP265000_1_008W3.TIF
416,31_5-7 Eos/11.Core_Data/Core_Photos/CORE_PHOTO_CV_M_TOP265100_1_009W1.TIF
417,31_5-7 Eos/11.Core_Data/Core_Photos/CORE_PHOTO_CV_M_TOP265100_1_009W2.TIF
418,31_5-7 Eos/11.Core_Data/Core_Photos/CORE_PHOTO_CV_M_TOP265100_1_009W3.TIF
419,31_5-7 Eos/11.Core_Data/Core_Photos/CORE_PHOTO_CV_M_TOP265200_1_010W1.TIF
420,31_5-7 Eos/11.Core_Data/Core_Photos/CORE_PHOTO_CV_M_TOP265200_1_010W2.TIF
421,31_5-7 Eos/11.Core_Data/Core_Photos/CORE_PHOTO_CV_M_TOP265200_1_010W3.TIF
422,31_5-7 Eos/11.Core_Data/Core_Photos/CORE_PHOTO_CV_M_TOP265300_1_011W1.TIF
423,31_5-7 Eos/11.Core_Data/Core_Photos/CORE_PHOTO_CV_M_TOP265300_1_011W2.TIF
424,31_5-7 Eos/11.Core_Data/Core_Photos/CORE_PHOTO_CV_M_TOP265300_1_011W3.TIF
425,31_5-7 Eos/11.Core_Data/Core_Photos/CORE_PHOTO_CV_M_TOP265400_1_012W1.TIF
426,31_5-7 Eos/11.Core_Data/Core_Photos/CORE_PHOTO_CV_M_TOP265400_1_012W2.TIF
427,31_5-7 Eos/11.Core_Data/Core_Photos/CORE_PHOTO_CV_M_TOP265400_1_012W3.TIF
428,31_5-7 Eos/11.Core_Data/Core_Photos/CORE_PHOTO_CV_M_TOP265500_1_013W1.TIF
429,31_5-7 Eos/11.Core_Data/Core_Photos/CORE_PHOTO_CV_M_TOP265500_1_013W2.TIF
430,31_5-7 Eos/11.Core_Data/Core_Photos/CORE_PHOTO_CV_M_TOP265500_1_013W3.TIF
431,31_5-7 Eos/11.Core_Data/Core_Photos/CORE_PHOTO_CV_M_TOP265600_1_014W1.TIF
432,31_5-7 Eos/11.Core_Data/Core_Photos/CORE_PHOTO_CV_M_TOP265600_1_014W2.TIF
433,31_5-7 Eos/11.Core_Data/Core_Photos/CORE_PHOTO_CV_M_TOP265600_1_014W3.TIF
434,31_5-7 Eos/11.Core_Data/Core_Photos/CORE_PHOTO_CV_M_TOP265700_1_015W1.TIF
435,31_5-7 Eos/11.Core_Data/Core_Photos/CORE_PHOTO_CV_M_TOP265700_1_015W2.TIF
436,31_5-7 Eos/11.Core_Data/Core_Photos/CORE_PHOTO_CV_M_TOP265700_1_015W3.TIF
437,31_5-7 Eos/11.Core_Data/Core_Photos/CORE_PHOTO_CV_M_TOP265800_1_016W1.TIF
438,31_5-7 Eos/11.Core_Data/Core_Photos/CORE_PHOTO_CV_M_TOP265800_1_016W2.TIF
439,31_5-7 Eos/11.Core_Data/Core_Photos/CORE_PHOTO_CV_M_TOP265800_1_016W3.TIF
440,31_5-7 Eos/11.Core_Data/Core_Photos/CORE_PHOTO_CV_M_TOP265900_1_017W1.TIF
441,31_5-7 Eos/11.Core_Data/Core_Photos/CORE_PHOTO_CV_M_TOP265900_1_017W2.TIF
442,31_5-7 Eos/11.Core_Data/Core_Photos/CORE_PHOTO_CV_M_TOP265900_1_017W3.TIF
443,31_5-7 Eos/11.Core_Data/Core_Photos/CORE_PHOTO_CV_M_TOP266000_1_018W1.TIF
444,31_5-7 Eos/11.Core_Data/Core_Photos/CORE_PHOTO_CV_M_TOP266000_1_018W2.TIF
445,31_5-7 Eos/11.Core_Data/Core_Photos/CORE_PHOTO_CV_M_TOP266000_1_018W3.TIF
446,31_5-7 Eos/11.Core_Data/Core_Photos/CORE_PHOTO_CV_M_TOP266100_1_019W1.TIF
447,31_5-7 Eos/11.Core_Data/Core_Photos/CORE_PHOTO_CV_M_TOP266100_1_019W2.TIF
448,31_5-7 Eos/11.Core_Data/Core_Photos/CORE_PHOTO_CV_M_TOP266100_1_019W3.TIF
449,31_5-7 Eos/11.Core_Data/Core_Photos/CORE_PHOTO_CV_M_TOP266200_1_020W1.TIF
450,31_5-7 Eos/11.Core_Data/Core_Photos/CORE_PHOTO_CV_M_TOP266200_1_020W2.TIF
451,31_5-7 Eos/11.Core_Data/Core_Photos/CORE_PHOTO_CV_M_TOP266200_1_020W3.TIF
452,31_5-7 Eos/11.Core_Data/Core_Photos/CORE_PHOTO_CV_M_TOP266300_1_021W1.TIF
453,31_5-7 Eos/11.Core_Data/Core_Photos/CORE_PHOTO_CV_M_TOP266300_1_021W2.TIF
454,31_5-7 Eos/11.Core_Data/Core_Photos/CORE_PHOTO_CV_M_TOP266300_1_021W3.TIF
455,31_5-7 Eos/11.Core_Data/Core_Photos/CORE_PHOTO_CV_M_TOP266400_1_022W1.TIF
456,31_5-7 Eos/11.Core_Data/Core_Photos/CORE_PHOTO_CV_M_TOP266400_1_022W2.TIF
457,31_5-7 Eos/11.Core_Data/Core_Photos/CORE_PHOTO_CV_M_TOP266400_1_022W3.TIF
458,31_5-7 Eos/11.Core_Data/Core_Photos/CORE_PHOTO_CV_M_TOP266500_1_023W1.TIF
459,31_5-7 Eos/11.Core_Data/Core_Photos/CORE_PHOTO_CV_M_TOP266500_1_023W2.TIF
460,31_5-7 Eos/11.Core_Data/Core_Photos/CORE_PHOTO_CV_M_TOP266500_1_023W3.TIF
461,31_5-7 Eos/11.Core_Data/Core_Photos/CORE_PHOTO_CV_M_TOP266600_1_024W1.TIF
462,31_5-7 Eos/11.Core_Data/Core_Photos/CORE_PHOTO_CV_M_TOP266600_1_024W2.TIF
463,31_5-7 Eos/11.Core_Data/Core_Photos/CORE_PHOTO_CV_M_TOP266600_1_024W3.TIF
464,31_5-7 Eos/11.Core_Data/Core_Photos/CORE_PHOTO_CV_M_TOP266700_1_025W1.TIF
465,31_5-7 Eos/11.Core_Data/Core_Photos/CORE_PHOTO_CV_M_TOP266700_1_025W2.TIF
466,31_5-7 Eos/11.Core_Data/Core_Photos/CORE_PHOTO_CV_M_TOP266700_1_025W3.TIF
467,31_5-7 Eos/11.Core_Data/Core_Photos/CORE_PHOTO_CV_M_TOP266800_1_026W1.TIF
468,31_5-7 Eos/11.Core_Data/Core_Photos/CORE_PHOTO_CV_M_TOP266800_1_026W2.TIF
469,31_5-7 Eos/11.Core_Data/Core_Photos/CORE_PHOTO_CV_M_TOP266800_1_026W3.TIF
470,31_5-7 Eos/11.Core_Data/Core_Photos/CORE_PHOTO_CV_M_TOP266900_1_027W1.TIF
471,31_5-7 Eos/11.Core_Data/Core_Photos/CORE_PHOTO_CV_M_TOP266900_1_027W2.TIF
472,31_5-7 Eos/11.Core_Data/Core_Photos/CORE_PHOTO_CV_M_TOP266900_1_027W3.TIF
473,31_5-7 Eos/11.Core_Data/Core_Photos/CORE_PHOTO_CV_M_TOP267000_1_028W1.TIF
474,31_5-7 Eos/11.Core_Data/Core_Photos/CORE_PHOTO_CV_M_TOP267000_1_028W2.TIF
475,31_5-7 Eos/11.Core_Data/Core_Photos/CORE_PHOTO_CV_M_TOP267000_1_028W3.TIF
476,31_5-7 Eos/11.Core_Data/Core_Photos/CORE_PHOTO_CV_M_TOP267100_1_029W1.TIF
477,31_5-7 Eos/11.Core_Data/Core_Photos/CORE_PHOTO_CV_M_TOP267100_1_029W2.TIF
478,31_5-7 Eos/11.Core_Data/Core_Photos/CORE_PHOTO_CV_M_TOP267100_1_029W3.TIF
479,31_5-7 Eos/11.Core_Data/Core_Photos/CORE_PHOTO_CV_M_TOP267200_1_030W1.TIF
480,31_5-7 Eos/11.Core_Data/Core_Photos/CORE_PHOTO_CV_M_TOP267200_1_030W2.TIF
481,31_5-7 Eos/11.Core_Data/Core_Photos/CORE_PHOTO_CV_M_TOP267200_1_030W3.TIF
482,31_5-7 Eos/11.Core_Data/Core_Photos/CORE_PHOTO_CV_M_TOP267300_1_031W1.TIF
483,31_5-7 Eos/11.Core_Data/Core_Photos/CORE_PHOTO_CV_M_TOP267300_1_031W2.TIF
484,31_5-7 Eos/11.Core_Data/Core_Photos/CORE_PHOTO_CV_M_TOP267300_1_031W3.TIF
485,31_5-7 Eos/11.Core_Data/Core_Photos/CORE_PHOTO_CV_M_TOP267400_1_032W1.TIF
486,31_5-7 Eos/11.Core_Data/Core_Photos/CORE_PHOTO_CV_M_TOP267400_1_032W2.TIF
487,31_5-7 Eos/11.Core_Data/Core_Photos/CORE_PHOTO_CV_M_TOP267400_1_032W3.TIF
488,31_5-7 Eos/11.Core_Data/Core_Photos/CORE_PHOTO_CV_M_TOP267500_1_033W1.TIF
489,31_5-7 Eos/11.Core_Data/Core_Photos/CORE_PHOTO_CV_M_TOP267500_1_033W2.TIF
490,31_5-7 Eos/11.Core_Data/Core_Photos/CORE_PHOTO_CV_M_TOP267500_1_033W3.TIF
491,31_5-7 Eos/11.Core_Data/Core_Photos/CORE_PHOTO_CV_M_TOP267600_1_034W1.TIF
492,31_5-7 Eos/11.Core_Data/Core_Photos/CORE_PHOTO_CV_M_TOP267600_1_034W2.TIF
493,31_5-7 Eos/11.Core_Data/Core_Photos/CORE_PHOTO_CV_M_TOP267600_1_034W3.TIF
494,31_5-7 Eos/11.Core_Data/Core_Photos/CORE_PHOTO_CV_M_TOP267700_1_035W1.TIF
495,31_5-7 Eos/11.Core_Data/Core_Photos/CORE_PHOTO_CV_M_TOP267700_1_035W2.TIF
496,31_5-7 Eos/11.Core_Data/Core_Photos/CORE_PHOTO_CV_M_TOP267700_1_035W3.TIF
497,31_5-7 Eos/11.Core_Data/Core_Photos/CORE_PHOTO_CV_M_TOP267800_1_036W1.TIF
498,31_5-7 Eos/11.Core_Data/Core_Photos/CORE_PHOTO_CV_M_TOP267800_1_036W2.TIF
499,31_5-7 Eos/11.Core_Data/Core_Photos/CORE_PHOTO_CV_M_TOP267800_1_036W3.TIF
500,31_5-7 Eos/11.Core_Data/Core_Photos/CORE_PHOTO_CV_M_TOP267900_1_037W1.TIF
501,31_5-7 Eos/11.Core_Data/Core_Photos/CORE_PHOTO_CV_M_TOP267900_1_037W2.TIF
502,31_5-7 Eos/11.Core_Data/Core_Photos/CORE_PHOTO_CV_M_TOP267900_1_037W3.TIF
503,31_5-7 Eos/11.Core_Data/Core_Photos/CORE_PHOTO_CV_M_TOP268000_1_038W1.TIF
504,31_5-7 Eos/11.Core_Data/Core_Photos/CORE_PHOTO_CV_M_TOP268000_1_038W2.TIF
505,31_5-7 Eos/11.Core_Data/Core_Photos/CORE_PHOTO_CV_M_TOP268000_1_038W3.TIF
506,31_5-7 Eos/11.Core_Data/Core_Photos/CORE_PHOTO_CV_M_TOP268100_1_039W1.TIF
507,31_5-7 Eos/11.Core_Data/Core_Photos/CORE_PHOTO_CV_M_TOP268100_1_039W2.TIF
508,31_5-7 Eos/11.Core_Data/Core_Photos/CORE_PHOTO_CV_M_TOP268100_1_039W3.TIF
509,31_5-7 Eos/11.Core_Data/Core_Photos/CORE_PHOTO_CV_M_TOP268200_1_040W1.TIF
510,31_5-7 Eos/11.Core_Data/Core_Photos/CORE_PHOTO_CV_M_TOP268200_1_040W2.TIF
511,31_5-7 Eos/11.Core_Data/Core_Photos/CORE_PHOTO_CV_M_TOP268200_1_040W3.TIF
512,31_5-7 Eos/11.Core_Data/Core_Photos/CORE_PHOTO_CV_M_TOP268300_1_041W1.TIF
513,31_5-7 Eos/11.Core_Data/Core_Photos/CORE_PHOTO_CV_M_TOP268300_1_041W2.TIF
514,31_5-7 Eos/11.Core_Data/Core_Photos/CORE_PHOTO_CV_M_TOP268300_1_041W3.TIF
515,31_5-7 Eos/11.Core_Data/Core_Photos/CORE_PHOTO_CV_M_TOP268400_1_042W1.TIF
516,31_5-7 Eos/11.Core_Data/Core_Photos/CORE_PHOTO_CV_M_TOP268400_1_042W2.TIF
517,31_5-7 Eos/11.Core_Data/Core_Photos/CORE_PHOTO_CV_M_TOP268400_1_042W3.TIF
518,31_5-7 Eos/11.Core_Data/Core_Photos/CORE_PHOTO_CV_M_TOP268500_1_043W1.TIF
519,31_5-7 Eos/11.Core_Data/Core_Photos/CORE_PHOTO_CV_M_TOP268500_1_043W2.TIF
520,31_5-7 Eos/11.Core_Data/Core_Photos/CORE_PHOTO_CV_M_TOP268500_1_043W3.TIF
521,31_5-7 Eos/11.Core_Data/Core_Photos/CORE_PHOTO_CV_M_TOP268600_1_044W1.TIF
522,31_5-7 Eos/11.Core_Data/Core_Photos/CORE_PHOTO_CV_M_TOP268600_1_044W2.TIF
523,31_5-7 Eos/11.Core_Data/Core_Photos/CORE_PHOTO_CV_M_TOP268600_1_044W3.TIF
524,31_5-7 Eos/11.Core_Data/Core_Photos/CORE_PHOTO_CV_M_TOP268700_1_045W1.TIF
525,31_5-7 Eos/11.Core_Data/Core_Photos/CORE_PHOTO_CV_M_TOP268700_1_045W2.TIF
526,31_5-7 Eos/11.Core_Data/Core_Photos/CORE_PHOTO_CV_M_TOP268700_1_045W3.TIF
527,31_5-7 Eos/11.Core_Data/Core_Photos/CORE_PHOTO_CV_M_TOP268800_1_046W1.TIF
528,31_5-7 Eos/11.Core_Data/Core_Photos/CORE_PHOTO_CV_M_TOP268800_1_046W2.TIF
529,31_5-7 Eos/11.Core_Data/Core_Photos/CORE_PHOTO_CV_M_TOP268800_1_046W3.TIF
530,31_5-7 Eos/11.Core_Data/Core_Photos/CORE_PHOTO_CV_M_TOP268900_1_047W1.TIF
531,31_5-7 Eos/11.Core_Data/Core_Photos/CORE_PHOTO_CV_M_TOP268900_1_047W2.TIF
532,31_5-7 Eos/11.Core_Data/Core_Photos/CORE_PHOTO_CV_M_TOP268900_1_047W3.TIF
533,31_5-7 Eos/11.Core_Data/Core_Photos/CORE_PHOTO_CV_M_TOP269000_1_048W1.TIF
534,31_5-7 Eos/11.Core_Data/Core_Photos/CORE_PHOTO_CV_M_TOP269000_1_048W2.TIF
535,31_5-7 Eos/11.Core_Data/Core_Photos/CORE_PHOTO_CV_M_TOP269000_1_048W3.TIF
536,31_5-7 Eos/11.Core_Data/Core_Photos/CORE_PHOTO_CV_M_TOP269100_1_049W1.TIF
537,31_5-7 Eos/11.Core_Data/Core_Photos/CORE_PHOTO_CV_M_TOP269100_1_049W2.TIF
538,31_5-7 Eos/11.Core_Data/Core_Photos/CORE_PHOTO_CV_M_TOP269100_1_049W3.TIF
539,31_5-7 Eos/11.Core_Data/Core_Photos/CORE_PHOTO_CV_M_TOP269200_1_050W1.TIF
540,31_5-7 Eos/11.Core_Data/Core_Photos/CORE_PHOTO_CV_M_TOP269200_1_050W2.TIF
541,31_5-7 Eos/11.Core_Data/Core_Photos/CORE_PHOTO_CV_M_TOP269200_1_050W3.TIF
542,31_5-7 Eos/11.Core_Data/Core_Photos/CORE_PHOTO_CV_M_TOP269300_1_051W1.TIF
543,31_5-7 Eos/11.Core_Data/Core_Photos/CORE_PHOTO_CV_M_TOP269300_1_051W2.TIF
544,31_5-7 Eos/11.Core_Data/Core_Photos/CORE_PHOTO_CV_M_TOP269300_1_051W3.TIF
545,31_5-7 Eos/11.Core_Data/Core_Photos/CORE_PHOTO_CV_M_TOP269400_1_052W1.TIF
546,31_5-7 Eos/11.Core_Data/Core_Photos/CORE_PHOTO_CV_M_TOP269400_1_052W2.TIF
547,31_5-7 Eos/11.Core_Data/Core_Photos/CORE_PHOTO_CV_M_TOP269400_1_052W3.TIF
548,31_5-7 Eos/11.Core_Data/Core_Photos/CORE_PHOTO_CV_M_TOP269500_1_053W1.TIF
549,31_5-7 Eos/11.Core_Data/Core_Photos/CORE_PHOTO_CV_M_TOP269500_1_053W2.TIF
550,31_5-7 Eos/11.Core_Data/Core_Photos/CORE_PHOTO_CV_M_TOP269500_1_053W3.TIF
551,31_5-7 Eos/11.Core_Data/Core_Photos/CORE_PHOTO_CV_M_TOP269600_1_054W1.TIF
552,31_5-7 Eos/11.Core_Data/Core_Photos/CORE_PHOTO_CV_M_TOP269600_1_054W2.TIF
553,31_5-7 Eos/11.Core_Data/Core_Photos/CORE_PHOTO_CV_M_TOP269600_1_054W3.TIF
554,31_5-7 Eos/11.Core_Data/Core_Photos/CORE_PHOTO_CV_M_TOP270900_1_055W1.TIF
555,31_5-7 Eos/11.Core_Data/Core_Photos/CORE_PHOTO_CV_M_TOP270900_1_055W2.TIF
556,31_5-7 Eos/11.Core_Data/Core_Photos/CORE_PHOTO_CV_M_TOP270900_1_055W3.TIF
557,31_5-7 Eos/11.Core_Data/Core_Photos/CORE_PHOTO_CV_M_TOP271000_1_056W1.TIF
558,31_5-7 Eos/11.Core_Data/Core_Photos/CORE_PHOTO_CV_M_TOP271000_1_056W2.TIF
559,31_5-7 Eos/11.Core_Data/Core_Photos/CORE_PHOTO_CV_M_TOP271000_1_056W3.TIF
560,31_5-7 Eos/11.Core_Data/Core_Photos/CORE_PHOTO_CV_M_TOP271100_1_057W1.TIF
561,31_5-7 Eos/11.Core_Data/Core_Photos/CORE_PHOTO_CV_M_TOP271100_1_057W2.TIF
562,31_5-7 Eos/11.Core_Data/Core_Photos/CORE_PHOTO_CV_M_TOP271100_1_057W3.TIF
563,31_5-7 Eos/11.Core_Data/Core_Photos/CORE_PHOTO_CV_M_TOP271200_1_058W1.TIF
564,31_5-7 Eos/11.Core_Data/Core_Photos/CORE_PHOTO_CV_M_TOP271200_1_058W2.TIF
565,31_5-7 Eos/11.Core_Data/Core_Photos/CORE_PHOTO_CV_M_TOP271200_1_058W3.TIF
566,31_5-7 Eos/11.Core_Data/Core_Photos/CORE_PHOTO_CV_M_TOP271300_1_059W1.TIF
567,31_5-7 Eos/11.Core_Data/Core_Photos/CORE_PHOTO_CV_M_TOP271300_1_059W2.TIF
568,31_5-7 Eos/11.Core_Data/Core_Photos/CORE_PHOTO_CV_M_TOP271300_1_059W3.TIF
569,31_5-7 Eos/11.Core_Data/Core_Photos/CORE_PHOTO_CV_M_TOP271400_1_060W1.TIF
570,31_5-7 Eos/11.Core_Data/Core_Photos/CORE_PHOTO_CV_M_TOP271400_1_060W2.TIF
571,31_5-7 Eos/11.Core_Data/Core_Photos/CORE_PHOTO_CV_M_TOP271400_1_060W3.TIF
572,31_5-7 Eos/11.Core_Data/Core_Photos/CORE_PHOTO_CV_M_TOP271500_1_061W1.TIF
573,31_5-7 Eos/11.Core_Data/Core_Photos/CORE_PHOTO_CV_M_TOP271500_1_061W2.TIF
574,31_5-7 Eos/11.Core_Data/Core_Photos/CORE_PHOTO_CV_M_TOP271500_1_061W3.TIF
575,31_5-7 Eos/11.Core_Data/Core_Photos/CORE_PHOTO_CV_M_TOP271600_1_062W1.TIF
576,31_5-7 Eos/11.Core_Data/Core_Photos/CORE_PHOTO_CV_M_TOP271600_1_062W2.TIF
577,31_5-7 Eos/11.Core_Data/Core_Photos/CORE_PHOTO_CV_M_TOP271600_1_062W3.TIF
578,31_5-7 Eos/11.Core_Data/Core_Photos/CORE_PHOTO_CV_M_TOP271700_1_063W1.TIF
579,31_5-7 Eos/11.Core_Data/Core_Photos/CORE_PHOTO_CV_M_TOP271700_1_063W2.TIF
580,31_5-7 Eos/11.Core_Data/Core_Photos/CORE_PHOTO_CV_M_TOP271700_1_063W3.TIF
581,31_5-7 Eos/11.Core_Data/Core_Photos/CORE_PHOTO_CV_M_TOP271800_1_064W1.TIF
582,31_5-7 Eos/11.Core_Data/Core_Photos/CORE_PHOTO_CV_M_TOP271800_1_064W2.TIF
583,31_5-7 Eos/11.Core_Data/Core_Photos/CORE_PHOTO_CV_M_TOP271800_1_064W3.TIF
584,31_5-7 Eos/11.Core_Data/Core_Photos/CORE_PHOTO_CV_M_TOP271900_1_065W1.TIF
585,31_5-7 Eos/11.Core_Data/Core_Photos/CORE_PHOTO_CV_M_TOP271900_1_065W2.TIF
586,31_5-7 Eos/11.Core_Data/Core_Photos/CORE_PHOTO_CV_M_TOP271900_1_065W3.TIF
587,31_5-7 Eos/11.Core_Data/Core_Photos/CORE_PHOTO_CV_M_TOP272000_1_066W1.TIF
588,31_5-7 Eos/11.Core_Data/Core_Photos/CORE_PHOTO_CV_M_TOP272000_1_066W2.TIF
589,31_5-7 Eos/11.Core_Data/Core_Photos/CORE_PHOTO_CV_M_TOP272000_1_066W3.TIF
590,31_5-7 Eos/11.Core_Data/Core_Photos/CORE_PHOTO_CV_M_TOP272100_1_067W1.TIF
591,31_5-7 Eos/11.Core_Data/Core_Photos/CORE_PHOTO_CV_M_TOP272100_1_067W2.TIF
592,31_5-7 Eos/11.Core_Data/Core_Photos/CORE_PHOTO_CV_M_TOP272100_1_067W3.TIF
593,31_5-7 Eos/11.Core_Data/Core_Photos/CORE_PHOTO_CV_M_TOP272200_1_068W1.TIF
594,31_5-7 Eos/11.Core_Data/Core_Photos/CORE_PHOTO_CV_M_TOP272200_1_068W2.TIF
595,31_5-7 Eos/11.Core_Data/Core_Photos/CORE_PHOTO_CV_M_TOP272200_1_068W3.TIF
596,31_5-7 Eos/11.Core_Data/Core_Photos/CORE_PHOTO_CV_M_TOP272300_1_069W1.TIF
597,31_5-7 Eos/11.Core_Data/Core_Photos/CORE_PHOTO_CV_M_TOP272300_1_069W2.TIF
598,31_5-7 Eos/11.Core_Data/Core_Photos/CORE_PHOTO_CV_M_TOP272300_1_069W3.TIF
599,31_5-7 Eos/11.Core_Data/Core_Photos/CORE_PHOTO_CV_M_TOP272400_1_070W1.TIF
600,31_5-7 Eos/11.Core_Data/Core_Photos/CORE_PHOTO_CV_M_TOP272400_1_070W2.TIF
601,31_5-7 Eos/11.Core_Data/Core_Photos/CORE_PHOTO_CV_M_TOP272400_1_070W3.TIF
602,31_5-7 Eos/11.Core_Data/Core_Photos/CORE_PHOTO_CV_M_TOP272500_1_071W1.TIF
603,31_5-7 Eos/11.Core_Data/Core_Photos/CORE_PHOTO_CV_M_TOP272500_1_071W2.TIF
604,31_5-7 Eos/11.Core_Data/Core_Photos/CORE_PHOTO_CV_M_TOP272500_1_071W3.TIF
605,31_5-7 Eos/11.Core_Data/Core_Photos/CORE_PHOTO_CV_M_TOP272600_1_072W1.TIF
606,31_5-7 Eos/11.Core_Data/Core_Photos/CORE_PHOTO_CV_M_TOP272600_1_072W2.TIF
607,31_5-7 Eos/11.Core_Data/Core_Photos/CORE_PHOTO_CV_M_TOP272600_1_072W3.TIF
608,31_5-7 Eos/11.Core_Data/Core_Photos/CORE_PHOTO_CV_M_TOP272700_1_073W1.TIF
609,31_5-7 Eos/11.Core_Data/Core_Photos/CORE_PHOTO_CV_M_TOP272700_1_073W2.TIF
610,31_5-7 Eos/11.Core_Data/Core_Photos/CORE_PHOTO_CV_M_TOP272700_1_073W3.TIF
611,31_5-7 Eos/11.Core_Data/Core_Photos/CORE_PHOTO_CV_M_TOP272800_1_074W1.TIF
612,31_5-7 Eos/11.Core_Data/Core_Photos/CORE_PHOTO_CV_M_TOP272800_1_074W2.TIF
613,31_5-7 Eos/11.Core_Data/Core_Photos/CORE_PHOTO_CV_M_TOP272800_1_074W3.TIF
614,31_5-7 Eos/11.Core_Data/Core_Photos/CORE_PHOTO_CV_M_TOP272900_1_075W1.TIF
615,31_5-7 Eos/11.Core_Data/Core_Photos/CORE_PHOTO_CV_M_TOP272900_1_075W2.TIF
616,31_5-7 Eos/11.Core_Data/Core_Photos/CORE_PHOTO_CV_M_TOP272900_1_075W3.TIF
617,31_5-7 Eos/11.Core_Data/Core_Photos/CORE_PHOTO_CV_M_TOP273000_1_076W1.TIF
618,31_5-7 Eos/11.Core_Data/Core_Photos/CORE_PHOTO_CV_M_TOP273000_1_076W2.TIF
619,31_5-7 Eos/11.Core_Data/Core_Photos/CORE_PHOTO_CV_M_TOP273000_1_076W3.TIF
620,31_5-7 Eos/11.Core_Data/Core_Photos/CORE_PHOTO_CV_M_TOP273100_1_077W1.TIF
621,31_5-7 Eos/11.Core_Data/Core_Photos/CORE_PHOTO_CV_M_TOP273100_1_077W2.TIF
622,31_5-7 Eos/11.Core_Data/Core_Photos/CORE_PHOTO_CV_M_TOP273100_1_077W3.TIF
623,31_5-7 Eos/11.Core_Data/Core_Photos/CORE_PHOTO_CV_M_TOP273200_1_078W1.TIF
624,31_5-7 Eos/11.Core_Data/Core_Photos/CORE_PHOTO_CV_M_TOP273200_1_078W2.TIF
625,31_5-7 Eos/11.Core_Data/Core_Photos/CORE_PHOTO_CV_M_TOP273200_1_078W3.TIF
626,31_5-7 Eos/11.Core_Data/Core_Photos/CORE_PHOTO_CV_M_TOP273300_1_079W1.TIF
627,31_5-7 Eos/11.Core_Data/Core_Photos/CORE_PHOTO_CV_M_TOP273300_1_079W2.TIF
628,31_5-7 Eos/11.Core_Data/Core_Photos/CORE_PHOTO_CV_M_TOP273300_1_079W3.TIF
629,31_5-7 Eos/11.Core_Data/Core_Photos/CORE_PHOTO_CV_M_TOP273400_1_080W1.TIF
630,31_5-7 Eos/11.Core_Data/Core_Photos/CORE_PHOTO_CV_M_TOP273400_1_080W2.TIF
631,31_5-7 Eos/11.Core_Data/Core_Photos/CORE_PHOTO_CV_M_TOP273400_1_080W3.TIF
632,31_5-7 Eos/11.Core_Data/Core_Photos/CORE_PHOTO_CV_M_TOP273500_1_081W1.TIF
633,31_5-7 Eos/11.Core_Data/Core_Photos/CORE_PHOTO_CV_M_TOP273500_1_081W2.TIF
634,31_5-7 Eos/11.Core_Data/Core_Photos/CORE_PHOTO_CV_M_TOP273500_1_081W3.TIF
635,31_5-7 Eos/11.Core_Data/Core_Photos/CORE_PHOTO_CV_M_TOP273600_1_082W1.TIF
636,31_5-7 Eos/11.Core_Data/Core_Photos/CORE_PHOTO_CV_M_TOP273600_1_082W2.TIF
637,31_5-7 Eos/11.Core_Data/Core_Photos/CORE_PHOTO_CV_M_TOP273600_1_082W3.TIF
638,31_5-7 Eos/11.Core_Data/Core_Photos/CORE_PHOTO_CV_M_TOP273700_1_083W1.TIF
639,31_5-7 Eos/11.Core_Data/Core_Photos/CORE_PHOTO_CV_M_TOP273700_1_083W2.TIF
640,31_5-7 Eos/11.Core_Data/Core_Photos/CORE_PHOTO_CV_M_TOP273700_1_083W3.TIF
641,31_5-7 Eos/11.Core_Data/Core_Photos/CORE_PHOTO_CV_M_TOP273800_1_084W1.TIF
642,31_5-7 Eos/11.Core_Data/Core_Photos/CORE_PHOTO_CV_M_TOP273800_1_084W2.TIF
643,31_5-7 Eos/11.Core_Data/Core_Photos/CORE_PHOTO_CV_M_TOP273800_1_084W3.TIF
644,31_5-7 Eos/11.Core_Data/Core_Photos/CORE_PHOTO_CV_M_TOP273900_1_085W1.TIF
645,31_5-7 Eos/11.Core_Data/Core_Photos/CORE_PHOTO_CV_M_TOP273900_1_085W2.TIF
646,31_5-7 Eos/11.Core_Data/Core_Photos/CORE_PHOTO_CV_M_TOP273900_1_085W3.TIF
647,31_5-7 Eos/11.Core_Data/Core_Photos/CORE_PHOTO_CV_M_TOP274000_1_086W1.TIF
648,31_5-7 Eos/11.Core_Data/Core_Photos/CORE_PHOTO_CV_M_TOP274000_1_086W2.TIF
649,31_5-7 Eos/11.Core_Data/Core_Photos/CORE_PHOTO_CV_M_TOP274000_1_086W3.TIF
650,31_5-7 Eos/11.Core_Data/Core_Photos/CORE_PHOTO_CV_M_TOP274100_1_087W1.TIF
651,31_5-7 Eos/11.Core_Data/Core_Photos/CORE_PHOTO_CV_M_TOP274100_1_087W2.TIF
652,31_5-7 Eos/11.Core_Data/Core_Photos/CORE_PHOTO_CV_M_TOP274100_1_087W3.TIF
653,31_5-7 Eos/11.Core_Data/Core_Photos/CORE_PHOTO_CV_M_TOP274200_1_088W1.TIF
654,31_5-7 Eos/11.Core_Data/Core_Photos/CORE_PHOTO_CV_M_TOP274200_1_088W2.TIF
655,31_5-7 Eos/11.Core_Data/Core_Photos/CORE_PHOTO_CV_M_TOP274200_1_088W3.TIF
656,31_5-7 Eos/11.Core_Data/Core_Photos/CORE_PHOTO_CV_M_TOP274300_1_089W1.TIF
657,31_5-7 Eos/11.Core_Data/Core_Photos/CORE_PHOTO_CV_M_TOP274300_1_089W2.TIF
658,31_5-7 Eos/11.Core_Data/Core_Photos/CORE_PHOTO_CV_M_TOP274300_1_089W3.TIF
659,31_5-7 Eos/11.Core_Data/Core_Photos/CORE_PHOTO_CV_M_TOP274400_1_090W1.TIF
660,31_5-7 Eos/11.Core_Data/Core_Photos/CORE_PHOTO_CV_M_TOP274400_1_090W2.TIF
661,31_5-7 Eos/11.Core_Data/Core_Photos/CORE_PHOTO_CV_M_TOP274400_1_090W3.TIF
662,31_5-7 Eos/11.Core_Data/Core_Photos/CORE_PHOTO_CV_M_TOP274700_1_091W1.TIF
663,31_5-7 Eos/11.Core_Data/Core_Photos/CORE_PHOTO_CV_M_TOP274700_1_091W2.TIF
664,31_5-7 Eos/11.Core_Data/Core_Photos/CORE_PHOTO_CV_M_TOP274700_1_091W3.TIF
665,31_5-7 Eos/11.Core_Data/Core_Photos/CORE_PHOTO_CV_M_TOP274800_1_092W1.TIF
666,31_5-7 Eos/11.Core_Data/Core_Photos/CORE_PHOTO_CV_M_TOP274800_1_092W2.TIF
667,31_5-7 Eos/11.Core_Data/Core_Photos/CORE_PHOTO_CV_M_TOP274800_1_092W3.TIF
668,31_5-7 Eos/11.Core_Data/Core_Photos/CORE_PHOTO_CV_M_TOP274900_1_093W1.TIF
669,31_5-7 Eos/11.Core_Data/Core_Photos/CORE_PHOTO_CV_M_TOP274900_1_093W2.TIF
670,31_5-7 Eos/11.Core_Data/Core_Photos/CORE_PHOTO_CV_M_TOP274900_1_093W3.TIF
671,31_5-7 Eos/11.Core_Data/Core_Photos/CORE_PHOTO_CV_M_TOP275000_1_094W1.TIF
672,31_5-7 Eos/11.Core_Data/Core_Photos/CORE_PHOTO_CV_M_TOP275000_1_094W2.TIF
673,31_5-7 Eos/11.Core_Data/Core_Photos/CORE_PHOTO_CV_M_TOP275000_1_094W3.TIF
674,31_5-7 Eos/11.Core_Data/Core_Photos/CORE_PHOTO_CV_M_TOP275100_1_095W1.TIF
675,31_5-7 Eos/11.Core_Data/Core_Photos/CORE_PHOTO_CV_M_TOP275100_1_095W2.TIF
676,31_5-7 Eos/11.Core_Data/Core_Photos/CORE_PHOTO_CV_M_TOP275100_1_095W3.TIF
677,31_5-7 Eos/11.Core_Data/Core_Photos/CORE_PHOTO_CV_M_TOP275200_1_096W1.TIF
678,31_5-7 Eos/11.Core_Data/Core_Photos/CORE_PHOTO_CV_M_TOP275200_1_096W2.TIF
679,31_5-7 Eos/11.Core_Data/Core_Photos/CORE_PHOTO_CV_M_TOP275200_1_096W3.TIF
680,31_5-7 Eos/11.Core_Data/Core_Photos/CORE_PHOTO_CV_M_TOP275300_1_097W1.TIF
681,31_5-7 Eos/11.Core_Data/Core_Photos/CORE_PHOTO_CV_M_TOP275300_1_097W2.TIF
682,31_5-7 Eos/11.Core_Data/Core_Photos/CORE_PHOTO_CV_M_TOP275300_1_097W3.TIF
683,31_5-7 Eos/11.Core_Data/Core_Photos/CORE_PHOTO_CV_M_TOP275400_1_098W1.TIF
684,31_5-7 Eos/11.Core_Data/Core_Photos/CORE_PHOTO_CV_M_TOP275400_1_098W2.TIF
685,31_5-7 Eos/11.Core_Data/Core_Photos/CORE_PHOTO_CV_M_TOP275400_1_098W3.TIF
686,31_5-7 Eos/11.Core_Data/Core_Photos/CORE_PHOTO_CV_M_TOP275500_1_099W1.TIF
687,31_5-7 Eos/11.Core_Data/Core_Photos/CORE_PHOTO_CV_M_TOP275500_1_099W2.TIF
688,31_5-7 Eos/11.Core_Data/Core_Photos/CORE_PHOTO_CV_M_TOP275500_1_099W3.TIF
689,31_5-7 Eos/11.Core_Data/Core_Photos/CORE_PHOTO_CV_M_TOP275600_1_100W1.TIF
690,31_5-7 Eos/11.Core_Data/Core_Photos/CORE_PHOTO_CV_M_TOP275600_1_100W2.TIF
691,31_5-7 Eos/11.Core_Data/Core_Photos/CORE_PHOTO_CV_M_TOP275600_1_100W3.TIF
692,31_5-7 Eos/11.Core_Data/Core_Photos/CORE_PHOTO_CV_M_TOP275700_1_101W1.TIF
693,31_5-7 Eos/11.Core_Data/Core_Photos/CORE_PHOTO_CV_M_TOP275700_1_101W2.TIF
694,31_5-7 Eos/11.Core_Data/Core_Photos/CORE_PHOTO_CV_M_TOP275700_1_101W3.TIF
695,31_5-7 Eos/11.Core_Data/Core_Photos/CORE_PHOTO_CV_M_TOP275800_1_102W1.TIF
696,31_5-7 Eos/11.Core_Data/Core_Photos/CORE_PHOTO_CV_M_TOP275800_1_102W2.TIF
697,31_5-7 Eos/11.Core_Data/Core_Photos/CORE_PHOTO_CV_M_TOP275800_1_102W3.TIF
698,31_5-7 Eos/11.Core_Data/Core_Photos/CORE_PHOTO_CV_M_TOP275900_1_103W1.TIF
699,31_5-7 Eos/11.Core_Data/Core_Photos/CORE_PHOTO_CV_M_TOP275900_1_103W2.TIF
700,31_5-7 Eos/11.Core_Data/Core_Photos/CORE_PHOTO_CV_M_TOP275900_1_103W3.TIF
701,31_5-7 Eos/11.Core_Data/Core_Photos/CORE_PHOTO_CV_M_TOP276000_1_104W1.TIF
702,31_5-7 Eos/11.Core_Data/Core_Photos/CORE_PHOTO_CV_M_TOP276000_1_104W2.TIF
703,31_5-7 Eos/11.Core_Data/Core_Photos/CORE_PHOTO_CV_M_TOP276000_1_104W3.TIF
704,31_5-7 Eos/11.Core_Data/Core_Photos/CORE_PHOTO_CV_M_TOP276100_1_105W1.TIF
705,31_5-7 Eos/11.Core_Data/Core_Photos/CORE_PHOTO_CV_M_TOP276100_1_105W2.TIF
706,31_5-7 Eos/11.Core_Data/Core_Photos/CORE_PHOTO_CV_M_TOP276100_1_105W3.TIF
707,31_5-7 Eos/11.Core_Data/Core_Photos/CORE_PHOTO_CV_M_TOP276200_1_106W1.TIF
708,31_5-7 Eos/11.Core_Data/Core_Photos/CORE_PHOTO_CV_M_TOP276200_1_106W2.TIF
709,31_5-7 Eos/11.Core_Data/Core_Photos/CORE_PHOTO_CV_M_TOP276200_1_106W3.TIF
710,31_5-7 Eos/11.Core_Data/Core_Photos/CORE_PHOTO_CV_M_TOP276300_1_107W1.TIF
711,31_5-7 Eos/11.Core_Data/Core_Photos/CORE_PHOTO_CV_M_TOP276300_1_107W2.TIF
712,31_5-7 Eos/11.Core_Data/Core_Photos/CORE_PHOTO_CV_M_TOP276300_1_107W3.TIF
713,31_5-7 Eos/11.Core_Data/Core_Photos/CORE_PHOTO_CV_M_TOP276400_1_108W1.TIF
714,31_5-7 Eos/11.Core_Data/Core_Photos/CORE_PHOTO_CV_M_TOP276400_1_108W2.TIF
715,31_5-7 Eos/11.Core_Data/Core_Photos/CORE_PHOTO_CV_M_TOP276400_1_108W3.TIF
716,31_5-7 Eos/11.Core_Data/Core_Photos/CORE_PHOTO_CV_M_TOP276500_1_109W1.TIF
717,31_5-7 Eos/11.Core_Data/Core_Photos/CORE_PHOTO_CV_M_TOP276500_1_109W2.TIF
718,31_5-7 Eos/11.Core_Data/Core_Photos/CORE_PHOTO_CV_M_TOP276500_1_109W3.TIF
719,31_5-7 Eos/11.Core_Data/Core_Photos/CORE_PHOTO_CV_M_TOP276600_1_110W1.TIF
720,31_5-7 Eos/11.Core_Data/Core_Photos/CORE_PHOTO_CV_M_TOP276600_1_110W2.TIF
721,31_5-7 Eos/11.Core_Data/Core_Photos/CORE_PHOTO_CV_M_TOP276600_1_110W3.TIF
722,31_5-7 Eos/11.Core_Data/Core_Photos/CORE_PHOTO_CV_M_TOP276700_1_111W1.TIF
723,31_5-7 Eos/11.Core_Data/Core_Photos/CORE_PHOTO_CV_M_TOP276700_1_111W2.TIF
724,31_5-7 Eos/11.Core_Data/Core_Photos/CORE_PHOTO_CV_M_TOP276700_1_111W3.TIF
725,31_5-7 Eos/11.Core_Data/Core_Photos/CORE_PHOTO_CV_M_TOP276800_1_112W1.TIF
726,31_5-7 Eos/11.Core_Data/Core_Photos/CORE_PHOTO_CV_M_TOP276800_1_112W2.TIF
727,31_5-7 Eos/11.Core_Data/Core_Photos/CORE_PHOTO_CV_M_TOP276800_1_112W3.TIF
728,31_5-7 Eos/11.Core_Data/Core_Photos/CORE_PHOTO_CV_M_TOP276900_1_113W1.TIF
729,31_5-7 Eos/11.Core_Data/Core_Photos/CORE_PHOTO_CV_M_TOP276900_1_113W2.TIF
730,31_5-7 Eos/11.Core_Data/Core_Photos/CORE_PHOTO_CV_M_TOP276900_1_113W3.TIF
731,31_5-7 Eos/11.Core_Data/Core_Photos/CORE_PHOTO_CV_M_TOP277000_1_114W1.TIF
732,31_5-7 Eos/11.Core_Data/Core_Photos/CORE_PHOTO_CV_M_TOP277000_1_114W2.TIF
733,31_5-7 Eos/11.Core_Data/Core_Photos/CORE_PHOTO_CV_M_TOP277000_1_114W3.TIF
734,31_5-7 Eos/11.Core_Data/Core_Photos/CORE_PHOTO_CV_M_TOP277100_1_115W1.TIF
735,31_5-7 Eos/11.Core_Data/Core_Photos/CORE_PHOTO_CV_M_TOP277100_1_115W2.TIF
736,31_5-7 Eos/11.Core_Data/Core_Photos/CORE_PHOTO_CV_M_TOP277100_1_115W3.TIF
737,31_5-7 Eos/11.Core_Data/Core_Photos/CORE_PHOTO_CV_M_TOP277200_1_116W1.TIF
738,31_5-7 Eos/11.Core_Data/Core_Photos/CORE_PHOTO_CV_M_TOP277200_1_116W2.TIF
739,31_5-7 Eos/11.Core_Data/Core_Photos/CORE_PHOTO_CV_M_TOP277200_1_116W3.TIF
740,31_5-7 Eos/11.Core_Data/Core_Photos/CORE_PHOTO_CV_M_TOP277300_1_117W1.TIF
741,31_5-7 Eos/11.Core_Data/Core_Photos/CORE_PHOTO_CV_M_TOP277300_1_117W2.TIF
742,31_5-7 Eos/11.Core_Data/Core_Photos/CORE_PHOTO_CV_M_TOP277300_1_117W3.TIF
743,31_5-7 Eos/11.Core_Data/Core_Photos/CORE_PHOTO_CV_M_TOP277400_1_118W1.TIF
744,31_5-7 Eos/11.Core_Data/Core_Photos/CORE_PHOTO_CV_M_TOP277400_1_118W2.TIF
745,31_5-7 Eos/11.Core_Data/Core_Photos/CORE_PHOTO_CV_M_TOP277400_1_118W3.TIF
746,31_5-7 Eos/11.Core_Data/Core_Photos/CORE_PHOTO_CV_M_TOP277500_1_119W1.TIF
747,31_5-7 Eos/11.Core_Data/Core_Photos/CORE_PHOTO_CV_M_TOP277500_1_119W2.TIF
748,31_5-7 Eos/11.Core_Data/Core_Photos/CORE_PHOTO_CV_M_TOP277500_1_119W3.TIF
749,31_5-7 Eos/11.Core_Data/Core_Photos/CORE_PHOTO_CV_M_TOP277600_1_120W1.TIF
750,31_5-7 Eos/11.Core_Data/Core_Photos/CORE_PHOTO_CV_M_TOP277600_1_120W2.TIF
751,31_5-7 Eos/11.Core_Data/Core_Photos/CORE_PHOTO_CV_M_TOP277600_1_120W3.TIF
752,31_5-7 Eos/11.Core_Data/Core_Photos/CORE_PHOTO_CV_M_TOP277700_1_121W1.TIF
753,31_5-7 Eos/11.Core_Data/Core_Photos/CORE_PHOTO_CV_M_TOP277700_1_121W2.TIF
754,31_5-7 Eos/11.Core_Data/Core_Photos/CORE_PHOTO_CV_M_TOP277700_1_121W3.TIF
755,31_5-7 Eos/11.Core_Data/Core_Photos/CORE_PHOTO_CV_M_TOP277800_1_122W1.TIF
756,31_5-7 Eos/11.Core_Data/Core_Photos/CORE_PHOTO_CV_M_TOP277800_1_122W2.TIF
757,31_5-7 Eos/11.Core_Data/Core_Photos/CORE_PHOTO_CV_M_TOP277800_1_122W3.TIF
758,31_5-7 Eos/11.Core_Data/Core_Photos/CORE_PHOTO_CV_M_TOP277900_1_123W1.TIF
759,31_5-7 Eos/11.Core_Data/Core_Photos/CORE_PHOTO_CV_M_TOP277900_1_123W2.TIF
760,31_5-7 Eos/11.Core_Data/Core_Photos/CORE_PHOTO_CV_M_TOP277900_1_123W3.TIF
761,31_5-7 Eos/11.Core_Data/Core_Photos/CORE_PHOTO_CV_M_TOP278000_1_124W1.TIF
762,31_5-7 Eos/11.Core_Data/Core_Photos/CORE_PHOTO_CV_M_TOP278000_1_124W2.TIF
763,31_5-7 Eos/11.Core_Data/Core_Photos/CORE_PHOTO_CV_M_TOP278000_1_124W3.TIF
764,31_5-7 Eos/11.Core_Data/Core_Photos/CORE_PHOTO_M_INF_1.ASC
765,31_5-7 Eos/11.Core_Data/Core_Photos/CORE_PHOTO_M_TOP264300_W_1.TIF
766,31_5-7 Eos/11.Core_Data/Core_Photos/CORE_PHOTO_M_TOP264300_W_2.TIF
767,31_5-7 Eos/11.Core_Data/Core_Photos/CORE_PHOTO_M_TOP264800_W_1.TIF
768,31_5-7 Eos/11.Core_Data/Core_Photos/CORE_PHOTO_M_TOP264800_W_2.TIF
769,31_5-7 Eos/11.Core_Data/Core_Photos/CORE_PHOTO_M_TOP265300_W_1.TIF
770,31_5-7 Eos/11.Core_Data/Core_Photos/CORE_PHOTO_M_TOP265300_W_2.TIF
771,31_5-7 Eos/11.Core_Data/Core_Photos/CORE_PHOTO_M_TOP265800_W_1.TIF
772,31_5-7 Eos/11.Core_Data/Core_Photos/CORE_PHOTO_M_TOP265800_W_2.TIF
773,31_5-7 Eos/11.Core_Data/Core_Photos/CORE_PHOTO_M_TOP266300_W_1.TIF
774,31_5-7 Eos/11.Core_Data/Core_Photos/CORE_PHOTO_M_TOP266300_W_2.TIF
775,31_5-7 Eos/11.Core_Data/Core_Photos/CORE_PHOTO_M_TOP266800_W_1.TIF
776,31_5-7 Eos/11.Core_Data/Core_Photos/CORE_PHOTO_M_TOP266800_W_2.TIF
777,31_5-7 Eos/11.Core_Data/Core_Photos/CORE_PHOTO_M_TOP267300_W_1.TIF
778,31_5-7 Eos/11.Core_Data/Core_Photos/CORE_PHOTO_M_TOP267300_W_2.TIF
779,31_5-7 Eos/11.Core_Data/Core_Photos/CORE_PHOTO_M_TOP267800_W_1.TIF
780,31_5-7 Eos/11.Core_Data/Core_Photos/CORE_PHOTO_M_TOP267800_W_2.TIF
781,31_5-7 Eos/11.Core_Data/Core_Photos/CORE_PHOTO_M_TOP268300_W_1.TIF
782,31_5-7 Eos/11.Core_Data/Core_Photos/CORE_PHOTO_M_TOP268300_W_2.TIF
783,31_5-7 Eos/11.Core_Data/Core_Photos/CORE_PHOTO_M_TOP268800_W_1.TIF
784,31_5-7 Eos/11.Core_Data/Core_Photos/CORE_PHOTO_M_TOP268800_W_2.TIF
785,31_5-7 Eos/11.Core_Data/Core_Photos/CORE_PHOTO_M_TOP269300_W_1.TIF
786,31_5-7 Eos/11.Core_Data/Core_Photos/CORE_PHOTO_M_TOP269300_W_2.TIF
787,31_5-7 Eos/11.Core_Data/Core_Photos/CORE_PHOTO_M_TOP270900_W_1.TIF
788,31_5-7 Eos/11.Core_Data/Core_Photos/CORE_PHOTO_M_TOP270900_W_2.TIF
789,31_5-7 Eos/11.Core_Data/Core_Photos/CORE_PHOTO_M_TOP271400_W_1.TIF
790,31_5-7 Eos/11.Core_Data/Core_Photos/CORE_PHOTO_M_TOP271400_W_2.TIF
791,31_5-7 Eos/11.Core_Data/Core_Photos/CORE_PHOTO_M_TOP271900_W_1.TIF
792,31_5-7 Eos/11.Core_Data/Core_Photos/CORE_PHOTO_M_TOP271900_W_2.TIF
793,31_5-7 Eos/11.Core_Data/Core_Photos/CORE_PHOTO_M_TOP272400_W_1.TIF
794,31_5-7 Eos/11.Core_Data/Core_Photos/CORE_PHOTO_M_TOP272400_W_2.TIF
795,31_5-7 Eos/11.Core_Data/Core_Photos/CORE_PHOTO_M_TOP272900_W_1.TIF
796,31_5-7 Eos/11.Core_Data/Core_Photos/CORE_PHOTO_M_TOP272900_W_2.TIF
797,31_5-7 Eos/11.Core_Data/Core_Photos/CORE_PHOTO_M_TOP273400_W_1.TIF
798,31_5-7 Eos/11.Core_Data/Core_Photos/CORE_PHOTO_M_TOP273400_W_2.TIF
799,31_5-7 Eos/11.Core_Data/Core_Photos/CORE_PHOTO_M_TOP273900_W_1.TIF
800,31_5-7 Eos/11.Core_Data/Core_Photos/CORE_PHOTO_M_TOP273900_W_2.TIF
801,31_5-7 Eos/11.Core_Data/Core_Photos/CORE_PHOTO_M_TOP274400_W_1.TIF
802,31_5-7 Eos/11.Core_Data/Core_Photos/CORE_PHOTO_M_TOP274400_W_2.TIF
803,31_5-7 Eos/11.Core_Data/Core_Photos/CORE_PHOTO_M_TOP274700_W_1.TIF
804,31_5-7 Eos/11.Core_Data/Core_Photos/CORE_PHOTO_M_TOP274700_W_2.TIF
805,31_5-7 Eos/11.Core_Data/Core_Photos/CORE_PHOTO_M_TOP275200_W_1.TIF
806,31_5-7 Eos/11.Core_Data/Core_Photos/CORE_PHOTO_M_TOP275200_W_2.TIF
807,31_5-7 Eos/11.Core_Data/Core_Photos/CORE_PHOTO_M_TOP275700_W_1.TIF
808,31_5-7 Eos/11.Core_Data/Core_Photos/CORE_PHOTO_M_TOP275700_W_2.TIF
809,31_5-7 Eos/11.Core_Data/Core_Photos/CORE_PHOTO_M_TOP276200_W_1.TIF
810,31_5-7 Eos/11.Core_Data/Core_Photos/CORE_PHOTO_M_TOP276200_W_2.TIF
811,31_5-7 Eos/11.Core_Data/Core_Photos/CORE_PHOTO_M_TOP276700_W_1.TIF
812,31_5-7 Eos/11.Core_Data/Core_Photos/CORE_PHOTO_M_TOP276700_W_2.TIF
813,31_5-7 Eos/11.Core_Data/Core_Photos/CORE_PHOTO_M_TOP277200_W_1.TIF
814,31_5-7 Eos/11.Core_Data/Core_Photos/CORE_PHOTO_M_TOP277200_W_2.TIF
815,31_5-7 Eos/11.Core_Data/Core_Photos/CORE_PHOTO_M_TOP277700_W_1.TIF
816,31_5-7 Eos/11.Core_Data/Core_Photos/CORE_PHOTO_M_TOP277700_W_2.TIF
817,31_5-7 Eos/12.Geology_Data_and_Evaluations/31_5-7_Formation_Tops_FWR_Sept2020.xlsx
818,31_5-7 Eos/12.Geology_Data_and_Evaluations/Biostratigraphy/31-5-7EOS.sbg
819,31_5-7 Eos/12.Geology_Data_and_Evaluations/Biostratigraphy/BIOSTRAT_2020-05-11_REPORT_2.PDF
820,31_5-7 Eos/12.Geology_Data_and_Evaluations/Biostratigraphy/BIOSTRAT_COMPUTED_1.DEX
821,31_5-7 Eos/12.Geology_Data_and_Evaluations/Biostratigraphy/BIOSTRAT_COMPUTED_1_INF_1.ASC
822,31_5-7 Eos/13.Petrophysical_Data_Evaluations/CPI/WLC_PETRO_COMPUTED_1_INF_1.ASC
823,31_5-7 Eos/13.Petrophysical_Data_Evaluations/CPI/WLC_PETRO_COMPUTED_INPUT_1.LAS
824,31_5-7 Eos/13.Petrophysical_Data_Evaluations/CPI/WLC_PETRO_COMPUTED_OUTPUT_1.LAS
825,31_5-7 Eos/13.Petrophysical_Data_Evaluations/Composite/WLC_COMPOSITE_1.DLIS
826,31_5-7 Eos/13.Petrophysical_Data_Evaluations/Composite/WLC_COMPOSITE_1_INF_1.PDF
827,31_5-7 Eos/13.Petrophysical_Data_Evaluations/Composite/WLC_COMPOSITE_MD_PLOT_1.PDF
828,31_5-7 Eos/13.Petrophysical_Data_Evaluations/Composite/WLC_PETROPHYSICAL_COMPOSITE_1.DLIS
829,31_5-7 Eos/13.Petrophysical_Data_Evaluations/Composite/WLC_PETROPHYSICAL_COMPOSITE_1_INF_1.PDF
830,31_5-7 Eos/14.Final_Well_Report_and_Completion_Log/C236-DO-U-RY-00001_02_I_As built report.pdf
831,31_5-7 Eos/15.Production_Logs/WL_RAW_PROD_AAC-AIMG-CCL-GR_2020-01-17_1-3_INF_1.ASC
832,31_5-7 Eos/15.Production_Logs/WL_RAW_PROD_AAC-AIMG-CCL-GR_2020-01-17_1.DLIS
833,31_5-7 Eos/15.Production_Logs/WL_RAW_PROD_AAC-AIMG-CCL-GR_2020-01-17_2.DLIS
834,31_5-7 Eos/15.Production_Logs/WL_RAW_PROD_AAC-AIMG-CCL-GR_2020-01-17_3.DLIS
835,31_5-7 Eos/15.Production_Logs/WL_RAW_PROD_AAC-AIMG-CCL-GR_2020-01-17_PLOT_1.PDF
836,31_5-7 Eos/15.Production_Logs/WL_RAW_PROD_AAC_2019-12-26_1.DLIS
837,31_5-7 Eos/15.Production_Logs/WL_RAW_PROD_AAC_2019-12-26_1_INF_1.ASC
838,31_5-7 Eos/15.Production_Logs/WL_RAW_PROD_AAC_2019-12-26_PLOT_1.PDF
